bundle	variable_name	qsirecon_suffix	source_file	zero_proportion	mean	stdev	median	masked_mean	masked_median	masked_stdev	subject_id	session_id	task_id	dir_id	acq_id	space_id	rec_id	run_id	bundle_source	bundle_params_id
Association_FrontalAslantTractR	tdi	DSIStudio	/scratch/grmpy/SLURM_11194840_17/job-11194840-17-sub-109521/ds/inputs/data/qsiprep/qsiprep/sub-109521/ses-1/dwi/sub-109521_ses-1_acq-multiband_dir-AP_space-ACPC_desc-preproc_dwi.nii.gz	0.0	103.121254	160.10754	41.0	103.121254	41.0	160.10754	sub-109521	ses-1		dir-AP	acq-multiband	space-ACPC			DSIStudio	autotrackgqi
Association_MiddleLongitudinalFasciculusL	tdi	DSIStudio	/scratch/grmpy/SLURM_11194840_17/job-11194840-17-sub-109521/ds/inputs/data/qsiprep/qsiprep/sub-109521/ses-1/dwi/sub-109521_ses-1_acq-multiband_dir-AP_space-ACPC_desc-preproc_dwi.nii.gz	0.0	204.44237	366.9671	56.0	204.44237	56.0	366.9671	sub-109521	ses-1		dir-AP	acq-multiband	space-ACPC			DSIStudio	autotrackgqi
Association_SuperiorLongitudinalFasciculusR	tdi	DSIStudio	/scratch/grmpy/SLURM_11194840_17/job-11194840-17-sub-109521/ds/inputs/data/qsiprep/qsiprep/sub-109521/ses-1/dwi/sub-109521_ses-1_acq-multiband_dir-AP_space-ACPC_desc-preproc_dwi.nii.gz	0.0	191.06667	337.8917	51.0	191.06667	51.0	337.8917	sub-109521	ses-1		dir-AP	acq-multiband	space-ACPC			DSIStudio	autotrackgqi
Association_HippocampusAlveusL	tdi	DSIStudio	/scratch/grmpy/SLURM_11194840_17/job-11194840-17-sub-109521/ds/inputs/data/qsiprep/qsiprep/sub-109521/ses-1/dwi/sub-109521_ses-1_acq-multiband_dir-AP_space-ACPC_desc-preproc_dwi.nii.gz	0.0	78.38331	109.17606	33.0	78.38331	33.0	109.17606	sub-109521	ses-1		dir-AP	acq-multiband	space-ACPC			DSIStudio	autotrackgqi
Association_VerticalOccipitalFasciculusR	tdi	DSIStudio	/scratch/grmpy/SLURM_11194840_17/job-11194840-17-sub-109521/ds/inputs/data/qsiprep/qsiprep/sub-109521/ses-1/dwi/sub-109521_ses-1_acq-multiband_dir-AP_space-ACPC_desc-preproc_dwi.nii.gz	0.0	55.92762	84.167496	22.0	55.92762	22.0	84.167496	sub-109521	ses-1		dir-AP	acq-multiband	space-ACPC			DSIStudio	autotrackgqi
Association_UncinateFasciculusL	tdi	DSIStudio	/scratch/grmpy/SLURM_11194840_17/job-11194840-17-sub-109521/ds/inputs/data/qsiprep/qsiprep/sub-109521/ses-1/dwi/sub-109521_ses-1_acq-multiband_dir-AP_space-ACPC_desc-preproc_dwi.nii.gz	0.0	115.312126	214.63004	27.0	115.312126	27.0	214.63004	sub-109521	ses-1		dir-AP	acq-multiband	space-ACPC			DSIStudio	autotrackgqi
Association_FrontalAslantTractL	tdi	DSIStudio	/scratch/grmpy/SLURM_11194840_17/job-11194840-17-sub-109521/ds/inputs/data/qsiprep/qsiprep/sub-109521/ses-1/dwi/sub-109521_ses-1_acq-multiband_dir-AP_space-ACPC_desc-preproc_dwi.nii.gz	0.0	103.936195	173.61589	33.0	103.936195	33.0	173.61589	sub-109521	ses-1		dir-AP	acq-multiband	space-ACPC			DSIStudio	autotrackgqi
Association_UncinateFasciculusR	tdi	DSIStudio	/scratch/grmpy/SLURM_11194840_17/job-11194840-17-sub-109521/ds/inputs/data/qsiprep/qsiprep/sub-109521/ses-1/dwi/sub-109521_ses-1_acq-multiband_dir-AP_space-ACPC_desc-preproc_dwi.nii.gz	0.0	121.289505	213.29501	30.0	121.289505	30.0	213.29501	sub-109521	ses-1		dir-AP	acq-multiband	space-ACPC			DSIStudio	autotrackgqi
Association_ParietalAslantTractR	tdi	DSIStudio	/scratch/grmpy/SLURM_11194840_17/job-11194840-17-sub-109521/ds/inputs/data/qsiprep/qsiprep/sub-109521/ses-1/dwi/sub-109521_ses-1_acq-multiband_dir-AP_space-ACPC_desc-preproc_dwi.nii.gz	0.0	94.81846	146.31972	32.0	94.81846	32.0	146.31972	sub-109521	ses-1		dir-AP	acq-multiband	space-ACPC			DSIStudio	autotrackgqi
Association_MiddleLongitudinalFasciculusR	tdi	DSIStudio	/scratch/grmpy/SLURM_11194840_17/job-11194840-17-sub-109521/ds/inputs/data/qsiprep/qsiprep/sub-109521/ses-1/dwi/sub-109521_ses-1_acq-multiband_dir-AP_space-ACPC_desc-preproc_dwi.nii.gz	0.0	212.33466	413.6049	39.0	212.33466	39.0	413.6049	sub-109521	ses-1		dir-AP	acq-multiband	space-ACPC			DSIStudio	autotrackgqi
Association_InferiorLongitudinalFasciculusR	tdi	DSIStudio	/scratch/grmpy/SLURM_11194840_17/job-11194840-17-sub-109521/ds/inputs/data/qsiprep/qsiprep/sub-109521/ses-1/dwi/sub-109521_ses-1_acq-multiband_dir-AP_space-ACPC_desc-preproc_dwi.nii.gz	0.0	264.60156	548.98724	45.0	264.60156	45.0	548.98724	sub-109521	ses-1		dir-AP	acq-multiband	space-ACPC			DSIStudio	autotrackgqi
Association_SuperiorLongitudinalFasciculusL	tdi	DSIStudio	/scratch/grmpy/SLURM_11194840_17/job-11194840-17-sub-109521/ds/inputs/data/qsiprep/qsiprep/sub-109521/ses-1/dwi/sub-109521_ses-1_acq-multiband_dir-AP_space-ACPC_desc-preproc_dwi.nii.gz	0.0	124.38748	233.98076	39.0	124.38748	39.0	233.98076	sub-109521	ses-1		dir-AP	acq-multiband	space-ACPC			DSIStudio	autotrackgqi
Association_ArcuateFasciculusR	tdi	DSIStudio	/scratch/grmpy/SLURM_11194840_17/job-11194840-17-sub-109521/ds/inputs/data/qsiprep/qsiprep/sub-109521/ses-1/dwi/sub-109521_ses-1_acq-multiband_dir-AP_space-ACPC_desc-preproc_dwi.nii.gz	0.0	250.00209	548.9136	47.0	250.00209	47.0	548.9136	sub-109521	ses-1		dir-AP	acq-multiband	space-ACPC			DSIStudio	autotrackgqi
Association_CingulumL	tdi	DSIStudio	/scratch/grmpy/SLURM_11194840_17/job-11194840-17-sub-109521/ds/inputs/data/qsiprep/qsiprep/sub-109521/ses-1/dwi/sub-109521_ses-1_acq-multiband_dir-AP_space-ACPC_desc-preproc_dwi.nii.gz	0.0	181.55765	350.96747	42.0	181.55765	42.0	350.96747	sub-109521	ses-1		dir-AP	acq-multiband	space-ACPC			DSIStudio	autotrackgqi
Association_ExtremeCapsuleL	tdi	DSIStudio	/scratch/grmpy/SLURM_11194840_17/job-11194840-17-sub-109521/ds/inputs/data/qsiprep/qsiprep/sub-109521/ses-1/dwi/sub-109521_ses-1_acq-multiband_dir-AP_space-ACPC_desc-preproc_dwi.nii.gz	0.0	206.12065	345.83014	57.0	206.12065	57.0	345.83014	sub-109521	ses-1		dir-AP	acq-multiband	space-ACPC			DSIStudio	autotrackgqi
Association_HippocampusAlveusR	tdi	DSIStudio	/scratch/grmpy/SLURM_11194840_17/job-11194840-17-sub-109521/ds/inputs/data/qsiprep/qsiprep/sub-109521/ses-1/dwi/sub-109521_ses-1_acq-multiband_dir-AP_space-ACPC_desc-preproc_dwi.nii.gz	0.0	70.27003	100.34381	28.0	70.27003	28.0	100.34381	sub-109521	ses-1		dir-AP	acq-multiband	space-ACPC			DSIStudio	autotrackgqi
Association_VerticalOccipitalFasciculusL	tdi	DSIStudio	/scratch/grmpy/SLURM_11194840_17/job-11194840-17-sub-109521/ds/inputs/data/qsiprep/qsiprep/sub-109521/ses-1/dwi/sub-109521_ses-1_acq-multiband_dir-AP_space-ACPC_desc-preproc_dwi.nii.gz	0.0	55.62875	84.73243	22.0	55.62875	22.0	84.73243	sub-109521	ses-1		dir-AP	acq-multiband	space-ACPC			DSIStudio	autotrackgqi
Association_InferiorFrontoOccipitalFasciculusL	tdi	DSIStudio	/scratch/grmpy/SLURM_11194840_17/job-11194840-17-sub-109521/ds/inputs/data/qsiprep/qsiprep/sub-109521/ses-1/dwi/sub-109521_ses-1_acq-multiband_dir-AP_space-ACPC_desc-preproc_dwi.nii.gz	0.0	360.65115	851.84064	53.0	360.65115	53.0	851.84064	sub-109521	ses-1		dir-AP	acq-multiband	space-ACPC			DSIStudio	autotrackgqi
Association_ParietalAslantTractL	tdi	DSIStudio	/scratch/grmpy/SLURM_11194840_17/job-11194840-17-sub-109521/ds/inputs/data/qsiprep/qsiprep/sub-109521/ses-1/dwi/sub-109521_ses-1_acq-multiband_dir-AP_space-ACPC_desc-preproc_dwi.nii.gz	0.0	77.147514	122.9618	27.0	77.147514	27.0	122.9618	sub-109521	ses-1		dir-AP	acq-multiband	space-ACPC			DSIStudio	autotrackgqi
Association_InferiorFrontoOccipitalFasciculusR	tdi	DSIStudio	/scratch/grmpy/SLURM_11194840_17/job-11194840-17-sub-109521/ds/inputs/data/qsiprep/qsiprep/sub-109521/ses-1/dwi/sub-109521_ses-1_acq-multiband_dir-AP_space-ACPC_desc-preproc_dwi.nii.gz	0.0	446.52325	1025.4845	67.0	446.52325	67.0	1025.4845	sub-109521	ses-1		dir-AP	acq-multiband	space-ACPC			DSIStudio	autotrackgqi
Association_CingulumR	tdi	DSIStudio	/scratch/grmpy/SLURM_11194840_17/job-11194840-17-sub-109521/ds/inputs/data/qsiprep/qsiprep/sub-109521/ses-1/dwi/sub-109521_ses-1_acq-multiband_dir-AP_space-ACPC_desc-preproc_dwi.nii.gz	0.0	179.8795	378.34122	34.0	179.8795	34.0	378.34122	sub-109521	ses-1		dir-AP	acq-multiband	space-ACPC			DSIStudio	autotrackgqi
Association_ExtremeCapsuleR	tdi	DSIStudio	/scratch/grmpy/SLURM_11194840_17/job-11194840-17-sub-109521/ds/inputs/data/qsiprep/qsiprep/sub-109521/ses-1/dwi/sub-109521_ses-1_acq-multiband_dir-AP_space-ACPC_desc-preproc_dwi.nii.gz	0.0	205.6816	385.01666	49.0	205.6816	49.0	385.01666	sub-109521	ses-1		dir-AP	acq-multiband	space-ACPC			DSIStudio	autotrackgqi
Association_ArcuateFasciculusL	tdi	DSIStudio	/scratch/grmpy/SLURM_11194840_17/job-11194840-17-sub-109521/ds/inputs/data/qsiprep/qsiprep/sub-109521/ses-1/dwi/sub-109521_ses-1_acq-multiband_dir-AP_space-ACPC_desc-preproc_dwi.nii.gz	0.0	287.60574	621.3424	50.0	287.60574	50.0	621.3424	sub-109521	ses-1		dir-AP	acq-multiband	space-ACPC			DSIStudio	autotrackgqi
Association_InferiorLongitudinalFasciculusL	tdi	DSIStudio	/scratch/grmpy/SLURM_11194840_17/job-11194840-17-sub-109521/ds/inputs/data/qsiprep/qsiprep/sub-109521/ses-1/dwi/sub-109521_ses-1_acq-multiband_dir-AP_space-ACPC_desc-preproc_dwi.nii.gz	0.0	306.89923	596.83234	58.0	306.89923	58.0	596.83234	sub-109521	ses-1		dir-AP	acq-multiband	space-ACPC			DSIStudio	autotrackgqi
ProjectionBasalGanglia_AnsaLenticularisL	tdi	DSIStudio	/scratch/grmpy/SLURM_11194840_17/job-11194840-17-sub-109521/ds/inputs/data/qsiprep/qsiprep/sub-109521/ses-1/dwi/sub-109521_ses-1_acq-multiband_dir-AP_space-ACPC_desc-preproc_dwi.nii.gz	0.0	58.2944	77.22728	26.0	58.2944	26.0	77.22728	sub-109521	ses-1		dir-AP	acq-multiband	space-ACPC			DSIStudio	autotrackgqi
ProjectionBrainstem_CorticobulbarTractR	tdi	DSIStudio	/scratch/grmpy/SLURM_11194840_17/job-11194840-17-sub-109521/ds/inputs/data/qsiprep/qsiprep/sub-109521/ses-1/dwi/sub-109521_ses-1_acq-multiband_dir-AP_space-ACPC_desc-preproc_dwi.nii.gz	0.0	19.193548	21.46843	9.0	19.193548	9.0	21.46843	sub-109521	ses-1		dir-AP	acq-multiband	space-ACPC			DSIStudio	autotrackgqi
ProjectionBrainstem_NonDecussatingDentatorubrothalamicTractL	tdi	DSIStudio	/scratch/grmpy/SLURM_11194840_17/job-11194840-17-sub-109521/ds/inputs/data/qsiprep/qsiprep/sub-109521/ses-1/dwi/sub-109521_ses-1_acq-multiband_dir-AP_space-ACPC_desc-preproc_dwi.nii.gz	0.0	143.47154	425.4334	29.0	143.47154	29.0	425.4334	sub-109521	ses-1		dir-AP	acq-multiband	space-ACPC			DSIStudio	autotrackgqi
ProjectionBrainstem_CorticopontineTractL	tdi	DSIStudio	/scratch/grmpy/SLURM_11194840_17/job-11194840-17-sub-109521/ds/inputs/data/qsiprep/qsiprep/sub-109521/ses-1/dwi/sub-109521_ses-1_acq-multiband_dir-AP_space-ACPC_desc-preproc_dwi.nii.gz	0.0	92.558426	177.94223	28.0	92.558426	28.0	177.94223	sub-109521	ses-1		dir-AP	acq-multiband	space-ACPC			DSIStudio	autotrackgqi
ProjectionBasalGanglia_ThalamicRadiationL	tdi	DSIStudio	/scratch/grmpy/SLURM_11194840_17/job-11194840-17-sub-109521/ds/inputs/data/qsiprep/qsiprep/sub-109521/ses-1/dwi/sub-109521_ses-1_acq-multiband_dir-AP_space-ACPC_desc-preproc_dwi.nii.gz	0.0	162.4885	235.09431	62.0	162.4885	62.0	235.09431	sub-109521	ses-1		dir-AP	acq-multiband	space-ACPC			DSIStudio	autotrackgqi
ProjectionBasalGanglia_FasciculusSubthalamicusL	tdi	DSIStudio	/scratch/grmpy/SLURM_11194840_17/job-11194840-17-sub-109521/ds/inputs/data/qsiprep/qsiprep/sub-109521/ses-1/dwi/sub-109521_ses-1_acq-multiband_dir-AP_space-ACPC_desc-preproc_dwi.nii.gz	0.0	18.77362	23.304853	9.0	18.77362	9.0	23.304853	sub-109521	ses-1		dir-AP	acq-multiband	space-ACPC			DSIStudio	autotrackgqi
ProjectionBasalGanglia_AcousticRadiationR	tdi	DSIStudio	/scratch/grmpy/SLURM_11194840_17/job-11194840-17-sub-109521/ds/inputs/data/qsiprep/qsiprep/sub-109521/ses-1/dwi/sub-109521_ses-1_acq-multiband_dir-AP_space-ACPC_desc-preproc_dwi.nii.gz	0.0	36.223022	61.251106	12.0	36.223022	12.0	61.251106	sub-109521	ses-1		dir-AP	acq-multiband	space-ACPC			DSIStudio	autotrackgqi
ProjectionBasalGanglia_FornixL	tdi	DSIStudio	/scratch/grmpy/SLURM_11194840_17/job-11194840-17-sub-109521/ds/inputs/data/qsiprep/qsiprep/sub-109521/ses-1/dwi/sub-109521_ses-1_acq-multiband_dir-AP_space-ACPC_desc-preproc_dwi.nii.gz	0.0	193.92287	279.58832	62.0	193.92287	62.0	279.58832	sub-109521	ses-1		dir-AP	acq-multiband	space-ACPC			DSIStudio	autotrackgqi
ProjectionBasalGanglia_CorticostriatalTractL	tdi	DSIStudio	/scratch/grmpy/SLURM_11194840_17/job-11194840-17-sub-109521/ds/inputs/data/qsiprep/qsiprep/sub-109521/ses-1/dwi/sub-109521_ses-1_acq-multiband_dir-AP_space-ACPC_desc-preproc_dwi.nii.gz	0.0	84.74643	135.29749	32.0	84.74643	32.0	135.29749	sub-109521	ses-1		dir-AP	acq-multiband	space-ACPC			DSIStudio	autotrackgqi
ProjectionBrainstem_CorticobulbarTractL	tdi	DSIStudio	/scratch/grmpy/SLURM_11194840_17/job-11194840-17-sub-109521/ds/inputs/data/qsiprep/qsiprep/sub-109521/ses-1/dwi/sub-109521_ses-1_acq-multiband_dir-AP_space-ACPC_desc-preproc_dwi.nii.gz	0.0	29.843407	35.571938	15.0	29.843407	15.0	35.571938	sub-109521	ses-1		dir-AP	acq-multiband	space-ACPC			DSIStudio	autotrackgqi
ProjectionBrainstem_DentatorubrothalamicTract-rl	tdi	DSIStudio	/scratch/grmpy/SLURM_11194840_17/job-11194840-17-sub-109521/ds/inputs/data/qsiprep/qsiprep/sub-109521/ses-1/dwi/sub-109521_ses-1_acq-multiband_dir-AP_space-ACPC_desc-preproc_dwi.nii.gz	0.0	16.381052	18.29593	10.0	16.381052	10.0	18.29593	sub-109521	ses-1		dir-AP	acq-multiband	space-ACPC			DSIStudio	autotrackgqi
ProjectionBrainstem_CorticopontineTractR	tdi	DSIStudio	/scratch/grmpy/SLURM_11194840_17/job-11194840-17-sub-109521/ds/inputs/data/qsiprep/qsiprep/sub-109521/ses-1/dwi/sub-109521_ses-1_acq-multiband_dir-AP_space-ACPC_desc-preproc_dwi.nii.gz	0.0	83.76806	159.99805	25.0	83.76806	25.0	159.99805	sub-109521	ses-1		dir-AP	acq-multiband	space-ACPC			DSIStudio	autotrackgqi
ProjectionBrainstem_ReticularTractR	tdi	DSIStudio	/scratch/grmpy/SLURM_11194840_17/job-11194840-17-sub-109521/ds/inputs/data/qsiprep/qsiprep/sub-109521/ses-1/dwi/sub-109521_ses-1_acq-multiband_dir-AP_space-ACPC_desc-preproc_dwi.nii.gz	0.0	203.3996	433.91855	33.0	203.3996	33.0	433.91855	sub-109521	ses-1		dir-AP	acq-multiband	space-ACPC			DSIStudio	autotrackgqi
ProjectionBasalGanglia_FasciculusSubthalamicusR	tdi	DSIStudio	/scratch/grmpy/SLURM_11194840_17/job-11194840-17-sub-109521/ds/inputs/data/qsiprep/qsiprep/sub-109521/ses-1/dwi/sub-109521_ses-1_acq-multiband_dir-AP_space-ACPC_desc-preproc_dwi.nii.gz	0.0	14.61519	18.834019	6.0	14.61519	6.0	18.834019	sub-109521	ses-1		dir-AP	acq-multiband	space-ACPC			DSIStudio	autotrackgqi
ProjectionBrainstem_DentatorubrothalamicTract-lr	tdi	DSIStudio	/scratch/grmpy/SLURM_11194840_17/job-11194840-17-sub-109521/ds/inputs/data/qsiprep/qsiprep/sub-109521/ses-1/dwi/sub-109521_ses-1_acq-multiband_dir-AP_space-ACPC_desc-preproc_dwi.nii.gz	0.0	30.837456	45.010384	13.0	30.837456	13.0	45.010384	sub-109521	ses-1		dir-AP	acq-multiband	space-ACPC			DSIStudio	autotrackgqi
ProjectionBrainstem_CorticospinalTractR	tdi	DSIStudio	/scratch/grmpy/SLURM_11194840_17/job-11194840-17-sub-109521/ds/inputs/data/qsiprep/qsiprep/sub-109521/ses-1/dwi/sub-109521_ses-1_acq-multiband_dir-AP_space-ACPC_desc-preproc_dwi.nii.gz	0.0	13.86	14.383476	9.0	13.86	9.0	14.383476	sub-109521	ses-1		dir-AP	acq-multiband	space-ACPC			DSIStudio	autotrackgqi
ProjectionBasalGanglia_AcousticRadiationL	tdi	DSIStudio	/scratch/grmpy/SLURM_11194840_17/job-11194840-17-sub-109521/ds/inputs/data/qsiprep/qsiprep/sub-109521/ses-1/dwi/sub-109521_ses-1_acq-multiband_dir-AP_space-ACPC_desc-preproc_dwi.nii.gz	0.0	43.4901	88.44591	11.0	43.4901	11.0	88.44591	sub-109521	ses-1		dir-AP	acq-multiband	space-ACPC			DSIStudio	autotrackgqi
ProjectionBrainstem_MedialForebrainBundleR	tdi	DSIStudio	/scratch/grmpy/SLURM_11194840_17/job-11194840-17-sub-109521/ds/inputs/data/qsiprep/qsiprep/sub-109521/ses-1/dwi/sub-109521_ses-1_acq-multiband_dir-AP_space-ACPC_desc-preproc_dwi.nii.gz	0.0	59.104275	99.36159	23.0	59.104275	23.0	99.36159	sub-109521	ses-1		dir-AP	acq-multiband	space-ACPC			DSIStudio	autotrackgqi
ProjectionBrainstem_ReticularTractL	tdi	DSIStudio	/scratch/grmpy/SLURM_11194840_17/job-11194840-17-sub-109521/ds/inputs/data/qsiprep/qsiprep/sub-109521/ses-1/dwi/sub-109521_ses-1_acq-multiband_dir-AP_space-ACPC_desc-preproc_dwi.nii.gz	0.0	117.96944	264.97092	20.0	117.96944	20.0	264.97092	sub-109521	ses-1		dir-AP	acq-multiband	space-ACPC			DSIStudio	autotrackgqi
ProjectionBasalGanglia_OpticRadiationR	tdi	DSIStudio	/scratch/grmpy/SLURM_11194840_17/job-11194840-17-sub-109521/ds/inputs/data/qsiprep/qsiprep/sub-109521/ses-1/dwi/sub-109521_ses-1_acq-multiband_dir-AP_space-ACPC_desc-preproc_dwi.nii.gz	0.0	179.66641	287.47748	58.0	179.66641	58.0	287.47748	sub-109521	ses-1		dir-AP	acq-multiband	space-ACPC			DSIStudio	autotrackgqi
ProjectionBasalGanglia_OpticRadiationL	tdi	DSIStudio	/scratch/grmpy/SLURM_11194840_17/job-11194840-17-sub-109521/ds/inputs/data/qsiprep/qsiprep/sub-109521/ses-1/dwi/sub-109521_ses-1_acq-multiband_dir-AP_space-ACPC_desc-preproc_dwi.nii.gz	0.0	154.05951	239.24586	45.0	154.05951	45.0	239.24586	sub-109521	ses-1		dir-AP	acq-multiband	space-ACPC			DSIStudio	autotrackgqi
ProjectionBasalGanglia_AnsaSubthalamicaL	tdi	DSIStudio	/scratch/grmpy/SLURM_11194840_17/job-11194840-17-sub-109521/ds/inputs/data/qsiprep/qsiprep/sub-109521/ses-1/dwi/sub-109521_ses-1_acq-multiband_dir-AP_space-ACPC_desc-preproc_dwi.nii.gz	0.0	18.010574	25.412754	7.5	18.010574	7.5	25.412754	sub-109521	ses-1		dir-AP	acq-multiband	space-ACPC			DSIStudio	autotrackgqi
ProjectionBasalGanglia_AnsaSubthalamicaR	tdi	DSIStudio	/scratch/grmpy/SLURM_11194840_17/job-11194840-17-sub-109521/ds/inputs/data/qsiprep/qsiprep/sub-109521/ses-1/dwi/sub-109521_ses-1_acq-multiband_dir-AP_space-ACPC_desc-preproc_dwi.nii.gz	0.0	19.440355	30.444595	7.0	19.440355	7.0	30.444595	sub-109521	ses-1		dir-AP	acq-multiband	space-ACPC			DSIStudio	autotrackgqi
ProjectionBasalGanglia_FornixR	tdi	DSIStudio	/scratch/grmpy/SLURM_11194840_17/job-11194840-17-sub-109521/ds/inputs/data/qsiprep/qsiprep/sub-109521/ses-1/dwi/sub-109521_ses-1_acq-multiband_dir-AP_space-ACPC_desc-preproc_dwi.nii.gz	0.0	176.45714	251.5651	71.0	176.45714	71.0	251.5651	sub-109521	ses-1		dir-AP	acq-multiband	space-ACPC			DSIStudio	autotrackgqi
ProjectionBrainstem_MedialForebrainBundleL	tdi	DSIStudio	/scratch/grmpy/SLURM_11194840_17/job-11194840-17-sub-109521/ds/inputs/data/qsiprep/qsiprep/sub-109521/ses-1/dwi/sub-109521_ses-1_acq-multiband_dir-AP_space-ACPC_desc-preproc_dwi.nii.gz	0.0	65.59152	98.069374	25.0	65.59152	25.0	98.069374	sub-109521	ses-1		dir-AP	acq-multiband	space-ACPC			DSIStudio	autotrackgqi
ProjectionBrainstem_MedialLemniscusR	tdi	DSIStudio	/scratch/grmpy/SLURM_11194840_17/job-11194840-17-sub-109521/ds/inputs/data/qsiprep/qsiprep/sub-109521/ses-1/dwi/sub-109521_ses-1_acq-multiband_dir-AP_space-ACPC_desc-preproc_dwi.nii.gz	0.0	45.76583	74.933266	14.0	45.76583	14.0	74.933266	sub-109521	ses-1		dir-AP	acq-multiband	space-ACPC			DSIStudio	autotrackgqi
ProjectionBasalGanglia_AnsaLenticularisR	tdi	DSIStudio	/scratch/grmpy/SLURM_11194840_17/job-11194840-17-sub-109521/ds/inputs/data/qsiprep/qsiprep/sub-109521/ses-1/dwi/sub-109521_ses-1_acq-multiband_dir-AP_space-ACPC_desc-preproc_dwi.nii.gz	0.0	52.582066	70.76099	22.0	52.582066	22.0	70.76099	sub-109521	ses-1		dir-AP	acq-multiband	space-ACPC			DSIStudio	autotrackgqi
ProjectionBasalGanglia_ThalamicRadiationR	tdi	DSIStudio	/scratch/grmpy/SLURM_11194840_17/job-11194840-17-sub-109521/ds/inputs/data/qsiprep/qsiprep/sub-109521/ses-1/dwi/sub-109521_ses-1_acq-multiband_dir-AP_space-ACPC_desc-preproc_dwi.nii.gz	0.0	153.91277	227.63931	65.0	153.91277	65.0	227.63931	sub-109521	ses-1		dir-AP	acq-multiband	space-ACPC			DSIStudio	autotrackgqi
ProjectionBrainstem_NonDecussatingDentatorubrothalamicTractR	tdi	DSIStudio	/scratch/grmpy/SLURM_11194840_17/job-11194840-17-sub-109521/ds/inputs/data/qsiprep/qsiprep/sub-109521/ses-1/dwi/sub-109521_ses-1_acq-multiband_dir-AP_space-ACPC_desc-preproc_dwi.nii.gz	0.0	156.75177	292.7585	52.0	156.75177	52.0	292.7585	sub-109521	ses-1		dir-AP	acq-multiband	space-ACPC			DSIStudio	autotrackgqi
ProjectionBasalGanglia_FasciculusLenticularisL	tdi	DSIStudio	/scratch/grmpy/SLURM_11194840_17/job-11194840-17-sub-109521/ds/inputs/data/qsiprep/qsiprep/sub-109521/ses-1/dwi/sub-109521_ses-1_acq-multiband_dir-AP_space-ACPC_desc-preproc_dwi.nii.gz	0.0	28.094936	48.062256	10.0	28.094936	10.0	48.062256	sub-109521	ses-1		dir-AP	acq-multiband	space-ACPC			DSIStudio	autotrackgqi
ProjectionBasalGanglia_CorticostriatalTractR	tdi	DSIStudio	/scratch/grmpy/SLURM_11194840_17/job-11194840-17-sub-109521/ds/inputs/data/qsiprep/qsiprep/sub-109521/ses-1/dwi/sub-109521_ses-1_acq-multiband_dir-AP_space-ACPC_desc-preproc_dwi.nii.gz	0.0	91.34645	158.19193	30.0	91.34645	30.0	158.19193	sub-109521	ses-1		dir-AP	acq-multiband	space-ACPC			DSIStudio	autotrackgqi
ProjectionBrainstem_CorticospinalTractL	tdi	DSIStudio	/scratch/grmpy/SLURM_11194840_17/job-11194840-17-sub-109521/ds/inputs/data/qsiprep/qsiprep/sub-109521/ses-1/dwi/sub-109521_ses-1_acq-multiband_dir-AP_space-ACPC_desc-preproc_dwi.nii.gz	0.0	32.935402	51.74847	12.0	32.935402	12.0	51.74847	sub-109521	ses-1		dir-AP	acq-multiband	space-ACPC			DSIStudio	autotrackgqi
ProjectionBasalGanglia_FasciculusLenticularisR	tdi	DSIStudio	/scratch/grmpy/SLURM_11194840_17/job-11194840-17-sub-109521/ds/inputs/data/qsiprep/qsiprep/sub-109521/ses-1/dwi/sub-109521_ses-1_acq-multiband_dir-AP_space-ACPC_desc-preproc_dwi.nii.gz	0.0	21.22484	38.110664	7.0	21.22484	7.0	38.110664	sub-109521	ses-1		dir-AP	acq-multiband	space-ACPC			DSIStudio	autotrackgqi
ProjectionBrainstem_MedialLemniscusL	tdi	DSIStudio	/scratch/grmpy/SLURM_11194840_17/job-11194840-17-sub-109521/ds/inputs/data/qsiprep/qsiprep/sub-109521/ses-1/dwi/sub-109521_ses-1_acq-multiband_dir-AP_space-ACPC_desc-preproc_dwi.nii.gz	0.0	99.25923	151.77957	37.0	99.25923	37.0	151.77957	sub-109521	ses-1		dir-AP	acq-multiband	space-ACPC			DSIStudio	autotrackgqi
Commissure_CorpusCallosum	tdi	DSIStudio	/scratch/grmpy/SLURM_11194840_17/job-11194840-17-sub-109521/ds/inputs/data/qsiprep/qsiprep/sub-109521/ses-1/dwi/sub-109521_ses-1_acq-multiband_dir-AP_space-ACPC_desc-preproc_dwi.nii.gz	0.0	228.91383	313.7759	89.0	228.91383	89.0	313.7759	sub-109521	ses-1		dir-AP	acq-multiband	space-ACPC			DSIStudio	autotrackgqi
Commissure_AnteriorCommissure	tdi	DSIStudio	/scratch/grmpy/SLURM_11194840_17/job-11194840-17-sub-109521/ds/inputs/data/qsiprep/qsiprep/sub-109521/ses-1/dwi/sub-109521_ses-1_acq-multiband_dir-AP_space-ACPC_desc-preproc_dwi.nii.gz	0.0	80.54212	136.07848	21.0	80.54212	21.0	136.07848	sub-109521	ses-1		dir-AP	acq-multiband	space-ACPC			DSIStudio	autotrackgqi
Cerebellum_CerebellumL	tdi	DSIStudio	/scratch/grmpy/SLURM_11194840_17/job-11194840-17-sub-109521/ds/inputs/data/qsiprep/qsiprep/sub-109521/ses-1/dwi/sub-109521_ses-1_acq-multiband_dir-AP_space-ACPC_desc-preproc_dwi.nii.gz	0.0	46.936153	44.42529	35.0	46.936153	35.0	44.42529	sub-109521	ses-1		dir-AP	acq-multiband	space-ACPC			DSIStudio	autotrackgqi
Cerebellum_InferiorCerebellarPeduncleR	tdi	DSIStudio	/scratch/grmpy/SLURM_11194840_17/job-11194840-17-sub-109521/ds/inputs/data/qsiprep/qsiprep/sub-109521/ses-1/dwi/sub-109521_ses-1_acq-multiband_dir-AP_space-ACPC_desc-preproc_dwi.nii.gz	0.0	102.6554	181.07993	36.0	102.6554	36.0	181.07993	sub-109521	ses-1		dir-AP	acq-multiband	space-ACPC			DSIStudio	autotrackgqi
Cerebellum_SuperiorCerebellarPeduncle	tdi	DSIStudio	/scratch/grmpy/SLURM_11194840_17/job-11194840-17-sub-109521/ds/inputs/data/qsiprep/qsiprep/sub-109521/ses-1/dwi/sub-109521_ses-1_acq-multiband_dir-AP_space-ACPC_desc-preproc_dwi.nii.gz	0.0	134.13992	230.45642	41.0	134.13992	41.0	230.45642	sub-109521	ses-1		dir-AP	acq-multiband	space-ACPC			DSIStudio	autotrackgqi
Cerebellum_InferiorCerebellarPeduncleL	tdi	DSIStudio	/scratch/grmpy/SLURM_11194840_17/job-11194840-17-sub-109521/ds/inputs/data/qsiprep/qsiprep/sub-109521/ses-1/dwi/sub-109521_ses-1_acq-multiband_dir-AP_space-ACPC_desc-preproc_dwi.nii.gz	0.0	105.5115	197.60933	33.0	105.5115	33.0	197.60933	sub-109521	ses-1		dir-AP	acq-multiband	space-ACPC			DSIStudio	autotrackgqi
Cerebellum_Vermis	tdi	DSIStudio	/scratch/grmpy/SLURM_11194840_17/job-11194840-17-sub-109521/ds/inputs/data/qsiprep/qsiprep/sub-109521/ses-1/dwi/sub-109521_ses-1_acq-multiband_dir-AP_space-ACPC_desc-preproc_dwi.nii.gz	0.0	50.735664	73.160515	25.0	50.735664	25.0	73.160515	sub-109521	ses-1		dir-AP	acq-multiband	space-ACPC			DSIStudio	autotrackgqi
Cerebellum_MiddleCerebellarPeduncle	tdi	DSIStudio	/scratch/grmpy/SLURM_11194840_17/job-11194840-17-sub-109521/ds/inputs/data/qsiprep/qsiprep/sub-109521/ses-1/dwi/sub-109521_ses-1_acq-multiband_dir-AP_space-ACPC_desc-preproc_dwi.nii.gz	0.0	142.57022	275.73743	48.0	142.57022	48.0	275.73743	sub-109521	ses-1		dir-AP	acq-multiband	space-ACPC			DSIStudio	autotrackgqi
Cerebellum_CerebellumR	tdi	DSIStudio	/scratch/grmpy/SLURM_11194840_17/job-11194840-17-sub-109521/ds/inputs/data/qsiprep/qsiprep/sub-109521/ses-1/dwi/sub-109521_ses-1_acq-multiband_dir-AP_space-ACPC_desc-preproc_dwi.nii.gz	0.0	46.00247	38.243046	40.0	46.00247	40.0	38.243046	sub-109521	ses-1		dir-AP	acq-multiband	space-ACPC			DSIStudio	autotrackgqi
CranialNerve_CNIIIR	tdi	DSIStudio	/scratch/grmpy/SLURM_11194840_17/job-11194840-17-sub-109521/ds/inputs/data/qsiprep/qsiprep/sub-109521/ses-1/dwi/sub-109521_ses-1_acq-multiband_dir-AP_space-ACPC_desc-preproc_dwi.nii.gz	0.0	51.84195	75.46477	16.0	51.84195	16.0	75.46477	sub-109521	ses-1		dir-AP	acq-multiband	space-ACPC			DSIStudio	autotrackgqi
CranialNerve_CNVL	tdi	DSIStudio	/scratch/grmpy/SLURM_11194840_17/job-11194840-17-sub-109521/ds/inputs/data/qsiprep/qsiprep/sub-109521/ses-1/dwi/sub-109521_ses-1_acq-multiband_dir-AP_space-ACPC_desc-preproc_dwi.nii.gz	0.0	45.071514	83.52467	15.0	45.071514	15.0	83.52467	sub-109521	ses-1		dir-AP	acq-multiband	space-ACPC			DSIStudio	autotrackgqi
CranialNerve_CNVIIR	tdi	DSIStudio	/scratch/grmpy/SLURM_11194840_17/job-11194840-17-sub-109521/ds/inputs/data/qsiprep/qsiprep/sub-109521/ses-1/dwi/sub-109521_ses-1_acq-multiband_dir-AP_space-ACPC_desc-preproc_dwi.nii.gz	0.0	32.91986	43.38761	13.0	32.91986	13.0	43.38761	sub-109521	ses-1		dir-AP	acq-multiband	space-ACPC			DSIStudio	autotrackgqi
CranialNerve_CNVIIL	tdi	DSIStudio	/scratch/grmpy/SLURM_11194840_17/job-11194840-17-sub-109521/ds/inputs/data/qsiprep/qsiprep/sub-109521/ses-1/dwi/sub-109521_ses-1_acq-multiband_dir-AP_space-ACPC_desc-preproc_dwi.nii.gz	0.0	22.101744	31.54636	9.0	22.101744	9.0	31.54636	sub-109521	ses-1		dir-AP	acq-multiband	space-ACPC			DSIStudio	autotrackgqi
CranialNerve_CNIIR	tdi	DSIStudio	/scratch/grmpy/SLURM_11194840_17/job-11194840-17-sub-109521/ds/inputs/data/qsiprep/qsiprep/sub-109521/ses-1/dwi/sub-109521_ses-1_acq-multiband_dir-AP_space-ACPC_desc-preproc_dwi.nii.gz	0.0	91.92763	135.95145	32.0	91.92763	32.0	135.95145	sub-109521	ses-1		dir-AP	acq-multiband	space-ACPC			DSIStudio	autotrackgqi
CranialNerve_CNVIIIL	tdi	DSIStudio	/scratch/grmpy/SLURM_11194840_17/job-11194840-17-sub-109521/ds/inputs/data/qsiprep/qsiprep/sub-109521/ses-1/dwi/sub-109521_ses-1_acq-multiband_dir-AP_space-ACPC_desc-preproc_dwi.nii.gz	0.0	67.80969	126.19116	21.0	67.80969	21.0	126.19116	sub-109521	ses-1		dir-AP	acq-multiband	space-ACPC			DSIStudio	autotrackgqi
CranialNerve_CNIIIL	tdi	DSIStudio	/scratch/grmpy/SLURM_11194840_17/job-11194840-17-sub-109521/ds/inputs/data/qsiprep/qsiprep/sub-109521/ses-1/dwi/sub-109521_ses-1_acq-multiband_dir-AP_space-ACPC_desc-preproc_dwi.nii.gz	0.0	13.995763	16.403673	9.0	13.995763	9.0	16.403673	sub-109521	ses-1		dir-AP	acq-multiband	space-ACPC			DSIStudio	autotrackgqi
CranialNerve_CNVIIIR	tdi	DSIStudio	/scratch/grmpy/SLURM_11194840_17/job-11194840-17-sub-109521/ds/inputs/data/qsiprep/qsiprep/sub-109521/ses-1/dwi/sub-109521_ses-1_acq-multiband_dir-AP_space-ACPC_desc-preproc_dwi.nii.gz	0.0	66.87233	97.188965	27.0	66.87233	27.0	97.188965	sub-109521	ses-1		dir-AP	acq-multiband	space-ACPC			DSIStudio	autotrackgqi
CranialNerve_CNIIL	tdi	DSIStudio	/scratch/grmpy/SLURM_11194840_17/job-11194840-17-sub-109521/ds/inputs/data/qsiprep/qsiprep/sub-109521/ses-1/dwi/sub-109521_ses-1_acq-multiband_dir-AP_space-ACPC_desc-preproc_dwi.nii.gz	0.0	61.141304	90.666954	21.0	61.141304	21.0	90.666954	sub-109521	ses-1		dir-AP	acq-multiband	space-ACPC			DSIStudio	autotrackgqi
CranialNerve_CNVR	tdi	DSIStudio	/scratch/grmpy/SLURM_11194840_17/job-11194840-17-sub-109521/ds/inputs/data/qsiprep/qsiprep/sub-109521/ses-1/dwi/sub-109521_ses-1_acq-multiband_dir-AP_space-ACPC_desc-preproc_dwi.nii.gz	0.0	32.14627	52.571102	11.0	32.14627	11.0	52.571102	sub-109521	ses-1		dir-AP	acq-multiband	space-ACPC			DSIStudio	autotrackgqi
