bundle	variable_name	qsirecon_suffix	source_file	zero_proportion	mean	stdev	median	masked_mean	masked_median	masked_stdev	weighted_mean	masked_weighted_mean	subject_id	session_id	task_id	dir_id	acq_id	space_id	rec_id	run_id	bundle_source	bundle_params_id
Association_SuperiorLongitudinalFasciculusL	ad	TORTOISE_model-tensor	/scratch/grmpy/SLURM_11261380_12/job-11261380-12-sub-93278/ds/inputs/data/qsiprep/qsiprep/sub-93278/ses-1/dwi/sub-93278_ses-1_acq-multiband_dir-AP_space-ACPC_desc-preproc_dwi.nii.gz	0.0	810.9586799484838	132.76443621306066	780.5579558755401	810.9586799484838	780.5579558755401	132.76443621306066	835.9104994523952	835.9104994523952	sub-93278	ses-1		dir-AP	acq-multiband	space-ACPC			DSIStudio	autotrackgqi
Association_SuperiorLongitudinalFasciculusL	am	TORTOISE_model-tensor	/scratch/grmpy/SLURM_11261380_12/job-11261380-12-sub-93278/ds/inputs/data/qsiprep/qsiprep/sub-93278/ses-1/dwi/sub-93278_ses-1_acq-multiband_dir-AP_space-ACPC_desc-preproc_dwi.nii.gz	0.0	17705.07421875	5689.27294921875	16779.89453125	17705.07421875	16779.89453125	5689.27294921875	15093.705078125	15093.705078125	sub-93278	ses-1		dir-AP	acq-multiband	space-ACPC			DSIStudio	autotrackgqi
Association_SuperiorLongitudinalFasciculusL	fa	TORTOISE_model-tensor	/scratch/grmpy/SLURM_11261380_12/job-11261380-12-sub-93278/ds/inputs/data/qsiprep/qsiprep/sub-93278/ses-1/dwi/sub-93278_ses-1_acq-multiband_dir-AP_space-ACPC_desc-preproc_dwi.nii.gz	0.0	0.2512236686597479	0.114512701634061	0.2168128413803828	0.2512236686597479	0.2168128413803828	0.114512701634061	0.3308253155702215	0.3308253155702215	sub-93278	ses-1		dir-AP	acq-multiband	space-ACPC			DSIStudio	autotrackgqi
Association_SuperiorLongitudinalFasciculusL	li	TORTOISE_model-tensor	/scratch/grmpy/SLURM_11261380_12/job-11261380-12-sub-93278/ds/inputs/data/qsiprep/qsiprep/sub-93278/ses-1/dwi/sub-93278_ses-1_acq-multiband_dir-AP_space-ACPC_desc-preproc_dwi.nii.gz	0.0	0.1364867538213729	0.0738525390625	0.1127703338861465	0.1364867538213729	0.1127703338861465	0.0738525390625	0.1860817223787307	0.1860817223787307	sub-93278	ses-1		dir-AP	acq-multiband	space-ACPC			DSIStudio	autotrackgqi
Association_SuperiorLongitudinalFasciculusL	rd	TORTOISE_model-tensor	/scratch/grmpy/SLURM_11261380_12/job-11261380-12-sub-93278/ds/inputs/data/qsiprep/qsiprep/sub-93278/ses-1/dwi/sub-93278_ses-1_acq-multiband_dir-AP_space-ACPC_desc-preproc_dwi.nii.gz	0.0	552.1012927410759	117.0299674993677	537.8787222055324	552.1012927410759	537.8787222055324	117.0299674993677	490.9371845502335	490.9371845502335	sub-93278	ses-1		dir-AP	acq-multiband	space-ACPC			DSIStudio	autotrackgqi
Association_InferiorLongitudinalFasciculusR	ad	TORTOISE_model-tensor	/scratch/grmpy/SLURM_11261380_12/job-11261380-12-sub-93278/ds/inputs/data/qsiprep/qsiprep/sub-93278/ses-1/dwi/sub-93278_ses-1_acq-multiband_dir-AP_space-ACPC_desc-preproc_dwi.nii.gz	0.0070588235294117	776.883512655701	258.7985472496989	737.5524200270396	782.4063812290827	737.7829606943417	251.2602197660516	745.069607251292	746.2652958700481	sub-93278	ses-1		dir-AP	acq-multiband	space-ACPC			DSIStudio	autotrackgqi
Association_InferiorLongitudinalFasciculusR	am	TORTOISE_model-tensor	/scratch/grmpy/SLURM_11261380_12/job-11261380-12-sub-93278/ds/inputs/data/qsiprep/qsiprep/sub-93278/ses-1/dwi/sub-93278_ses-1_acq-multiband_dir-AP_space-ACPC_desc-preproc_dwi.nii.gz	0.0070588235294117	37000.99609375	19944.904296875	34846.453125	37264.0390625	35261.34375	19769.30078125	39267.859375	39330.87890625	sub-93278	ses-1		dir-AP	acq-multiband	space-ACPC			DSIStudio	autotrackgqi
Association_InferiorLongitudinalFasciculusR	fa	TORTOISE_model-tensor	/scratch/grmpy/SLURM_11261380_12/job-11261380-12-sub-93278/ds/inputs/data/qsiprep/qsiprep/sub-93278/ses-1/dwi/sub-93278_ses-1_acq-multiband_dir-AP_space-ACPC_desc-preproc_dwi.nii.gz	0.0094117647058823	0.1915957376365146	0.085128457689794	0.1839550916998097	0.1934161246924435	0.1846190697207865	0.0834482823160096	0.1950478322938082	0.1954654142113558	sub-93278	ses-1		dir-AP	acq-multiband	space-ACPC			DSIStudio	autotrackgqi
Association_InferiorLongitudinalFasciculusR	li	TORTOISE_model-tensor	/scratch/grmpy/SLURM_11261380_12/job-11261380-12-sub-93278/ds/inputs/data/qsiprep/qsiprep/sub-93278/ses-1/dwi/sub-93278_ses-1_acq-multiband_dir-AP_space-ACPC_desc-preproc_dwi.nii.gz	0.0070588235294117	0.0829746723175048	0.03809754550457	0.085335835814476	0.0835645422339439	0.0856244266033172	0.0375825650990009	0.0852847322821617	0.0854215994477272	sub-93278	ses-1		dir-AP	acq-multiband	space-ACPC			DSIStudio	autotrackgqi
Association_InferiorLongitudinalFasciculusR	rd	TORTOISE_model-tensor	/scratch/grmpy/SLURM_11261380_12/job-11261380-12-sub-93278/ds/inputs/data/qsiprep/qsiprep/sub-93278/ses-1/dwi/sub-93278_ses-1_acq-multiband_dir-AP_space-ACPC_desc-preproc_dwi.nii.gz	0.0070588235294117	585.7567305549484	232.0816191639662	531.8227541895121	589.9208779285617	532.1600785362791	227.57035137500932	555.263193534981	556.1542805158267	sub-93278	ses-1		dir-AP	acq-multiband	space-ACPC			DSIStudio	autotrackgqi
Association_InferiorFrontoOccipitalFasciculusR	ad	TORTOISE_model-tensor	/scratch/grmpy/SLURM_11261380_12/job-11261380-12-sub-93278/ds/inputs/data/qsiprep/qsiprep/sub-93278/ses-1/dwi/sub-93278_ses-1_acq-multiband_dir-AP_space-ACPC_desc-preproc_dwi.nii.gz	0.0355029585798816	786.2775371431362	207.22521986447668	788.8225988778468	815.220268571718	798.1664102721862	144.666127048537	816.3671017517934	825.8520943523779	sub-93278	ses-1		dir-AP	acq-multiband	space-ACPC			DSIStudio	autotrackgqi
Association_InferiorFrontoOccipitalFasciculusR	am	TORTOISE_model-tensor	/scratch/grmpy/SLURM_11261380_12/job-11261380-12-sub-93278/ds/inputs/data/qsiprep/qsiprep/sub-93278/ses-1/dwi/sub-93278_ses-1_acq-multiband_dir-AP_space-ACPC_desc-preproc_dwi.nii.gz	0.0355029585798816	30438.228515625	23390.47265625	21033.76953125	31558.654296875	23322.265625	23062.83203125	28629.921875	28962.55859375	sub-93278	ses-1		dir-AP	acq-multiband	space-ACPC			DSIStudio	autotrackgqi
Association_InferiorFrontoOccipitalFasciculusR	fa	TORTOISE_model-tensor	/scratch/grmpy/SLURM_11261380_12/job-11261380-12-sub-93278/ds/inputs/data/qsiprep/qsiprep/sub-93278/ses-1/dwi/sub-93278_ses-1_acq-multiband_dir-AP_space-ACPC_desc-preproc_dwi.nii.gz	0.0355029585798816	0.3577653127448515	0.1998279690696022	0.3209097663797916	0.3709345880606129	0.3333883663580929	0.191091962847287	0.4071554076371751	0.4118859584469797	sub-93278	ses-1		dir-AP	acq-multiband	space-ACPC			DSIStudio	autotrackgqi
Association_InferiorFrontoOccipitalFasciculusR	li	TORTOISE_model-tensor	/scratch/grmpy/SLURM_11261380_12/job-11261380-12-sub-93278/ds/inputs/data/qsiprep/qsiprep/sub-93278/ses-1/dwi/sub-93278_ses-1_acq-multiband_dir-AP_space-ACPC_desc-preproc_dwi.nii.gz	0.0355029585798816	0.2248417139053344	0.1617607921361923	0.1557113826274871	0.2331180870532989	0.1722051203250885	0.1587462127208709	0.2683269679546356	0.27144455909729	sub-93278	ses-1		dir-AP	acq-multiband	space-ACPC			DSIStudio	autotrackgqi
Association_InferiorFrontoOccipitalFasciculusR	rd	TORTOISE_model-tensor	/scratch/grmpy/SLURM_11261380_12/job-11261380-12-sub-93278/ds/inputs/data/qsiprep/qsiprep/sub-93278/ses-1/dwi/sub-93278_ses-1_acq-multiband_dir-AP_space-ACPC_desc-preproc_dwi.nii.gz	0.0355029585798816	429.84092332887707	151.45952047439258	434.09048774177023	445.66328860478666	442.7696360773914	129.35592632401037	414.2901390898535	419.10358498173866	sub-93278	ses-1		dir-AP	acq-multiband	space-ACPC			DSIStudio	autotrackgqi
Association_UncinateFasciculusR	ad	TORTOISE_model-tensor	/scratch/grmpy/SLURM_11261380_12/job-11261380-12-sub-93278/ds/inputs/data/qsiprep/qsiprep/sub-93278/ses-1/dwi/sub-93278_ses-1_acq-multiband_dir-AP_space-ACPC_desc-preproc_dwi.nii.gz	0.0	967.9026393972416	261.4426311124055	899.9751603372242	967.9026393972416	899.9751603372242	261.4426311124055	992.1894368833574	992.1894368833574	sub-93278	ses-1		dir-AP	acq-multiband	space-ACPC			DSIStudio	autotrackgqi
Association_UncinateFasciculusR	am	TORTOISE_model-tensor	/scratch/grmpy/SLURM_11261380_12/job-11261380-12-sub-93278/ds/inputs/data/qsiprep/qsiprep/sub-93278/ses-1/dwi/sub-93278_ses-1_acq-multiband_dir-AP_space-ACPC_desc-preproc_dwi.nii.gz	0.0	11770.1357421875	4868.5927734375	10673.9423828125	11770.1357421875	10673.9423828125	4868.5927734375	11608.28125	11608.28125	sub-93278	ses-1		dir-AP	acq-multiband	space-ACPC			DSIStudio	autotrackgqi
Association_UncinateFasciculusR	fa	TORTOISE_model-tensor	/scratch/grmpy/SLURM_11261380_12/job-11261380-12-sub-93278/ds/inputs/data/qsiprep/qsiprep/sub-93278/ses-1/dwi/sub-93278_ses-1_acq-multiband_dir-AP_space-ACPC_desc-preproc_dwi.nii.gz	0.0	0.3336474761790334	0.154754231656071	0.3370554205907631	0.3336474761790334	0.3370554205907631	0.154754231656071	0.3529622504300485	0.3529622504300485	sub-93278	ses-1		dir-AP	acq-multiband	space-ACPC			DSIStudio	autotrackgqi
Association_UncinateFasciculusR	li	TORTOISE_model-tensor	/scratch/grmpy/SLURM_11261380_12/job-11261380-12-sub-93278/ds/inputs/data/qsiprep/qsiprep/sub-93278/ses-1/dwi/sub-93278_ses-1_acq-multiband_dir-AP_space-ACPC_desc-preproc_dwi.nii.gz	0.0	0.1777416914701461	0.103803738951683	0.1793793886899948	0.1777416914701461	0.1793793886899948	0.103803738951683	0.1867541670799255	0.1867541670799255	sub-93278	ses-1		dir-AP	acq-multiband	space-ACPC			DSIStudio	autotrackgqi
Association_UncinateFasciculusR	rd	TORTOISE_model-tensor	/scratch/grmpy/SLURM_11261380_12/job-11261380-12-sub-93278/ds/inputs/data/qsiprep/qsiprep/sub-93278/ses-1/dwi/sub-93278_ses-1_acq-multiband_dir-AP_space-ACPC_desc-preproc_dwi.nii.gz	0.0	609.7365958982899	302.5191723612104	485.0933148868958	609.7365958982899	485.0933148868958	302.5191723612104	601.96546466188	601.96546466188	sub-93278	ses-1		dir-AP	acq-multiband	space-ACPC			DSIStudio	autotrackgqi
Association_ParietalAslantTractR	ad	TORTOISE_model-tensor	/scratch/grmpy/SLURM_11261380_12/job-11261380-12-sub-93278/ds/inputs/data/qsiprep/qsiprep/sub-93278/ses-1/dwi/sub-93278_ses-1_acq-multiband_dir-AP_space-ACPC_desc-preproc_dwi.nii.gz	0.0	677.8330597279079	84.26048612651724	671.234456479461	677.8330597279079	671.234456479461	84.26048612651724	692.297638369391	692.297638369391	sub-93278	ses-1		dir-AP	acq-multiband	space-ACPC			DSIStudio	autotrackgqi
Association_ParietalAslantTractR	am	TORTOISE_model-tensor	/scratch/grmpy/SLURM_11261380_12/job-11261380-12-sub-93278/ds/inputs/data/qsiprep/qsiprep/sub-93278/ses-1/dwi/sub-93278_ses-1_acq-multiband_dir-AP_space-ACPC_desc-preproc_dwi.nii.gz	0.0	43797.84375	21290.42578125	43596.46875	43797.84375	43596.46875	21290.42578125	45837.85546875	45837.85546875	sub-93278	ses-1		dir-AP	acq-multiband	space-ACPC			DSIStudio	autotrackgqi
Association_ParietalAslantTractR	fa	TORTOISE_model-tensor	/scratch/grmpy/SLURM_11261380_12/job-11261380-12-sub-93278/ds/inputs/data/qsiprep/qsiprep/sub-93278/ses-1/dwi/sub-93278_ses-1_acq-multiband_dir-AP_space-ACPC_desc-preproc_dwi.nii.gz	0.0	0.1857575363005576	0.0407515640958448	0.1791859907731958	0.1857575363005576	0.1791859907731958	0.0407515640958448	0.1946377842746663	0.1946377842746663	sub-93278	ses-1		dir-AP	acq-multiband	space-ACPC			DSIStudio	autotrackgqi
Association_ParietalAslantTractR	li	TORTOISE_model-tensor	/scratch/grmpy/SLURM_11261380_12/job-11261380-12-sub-93278/ds/inputs/data/qsiprep/qsiprep/sub-93278/ses-1/dwi/sub-93278_ses-1_acq-multiband_dir-AP_space-ACPC_desc-preproc_dwi.nii.gz	0.0	0.0930895432829856	0.0245744604617357	0.0926144272089004	0.0930895432829856	0.0926144272089004	0.0245744604617357	0.098266951739788	0.098266951739788	sub-93278	ses-1		dir-AP	acq-multiband	space-ACPC			DSIStudio	autotrackgqi
Association_ParietalAslantTractR	rd	TORTOISE_model-tensor	/scratch/grmpy/SLURM_11261380_12/job-11261380-12-sub-93278/ds/inputs/data/qsiprep/qsiprep/sub-93278/ses-1/dwi/sub-93278_ses-1_acq-multiband_dir-AP_space-ACPC_desc-preproc_dwi.nii.gz	0.0	503.881306439757	44.78783119076246	501.6902775132885	503.881306439757	501.6902775132885	44.78783119076246	507.0680479045759	507.0680479045759	sub-93278	ses-1		dir-AP	acq-multiband	space-ACPC			DSIStudio	autotrackgqi
Association_VerticalOccipitalFasciculusR	ad	TORTOISE_model-tensor	/scratch/grmpy/SLURM_11261380_12/job-11261380-12-sub-93278/ds/inputs/data/qsiprep/qsiprep/sub-93278/ses-1/dwi/sub-93278_ses-1_acq-multiband_dir-AP_space-ACPC_desc-preproc_dwi.nii.gz	0.293103448275862	692.2225162886231	478.507904141192	868.1447988592788	979.241608408296	945.9056322672028	206.9963294730022	792.2905158861896	987.0060672403336	sub-93278	ses-1		dir-AP	acq-multiband	space-ACPC			DSIStudio	autotrackgqi
Association_VerticalOccipitalFasciculusR	am	TORTOISE_model-tensor	/scratch/grmpy/SLURM_11261380_12/job-11261380-12-sub-93278/ds/inputs/data/qsiprep/qsiprep/sub-93278/ses-1/dwi/sub-93278_ses-1_acq-multiband_dir-AP_space-ACPC_desc-preproc_dwi.nii.gz	0.293103448275862	24431.7890625	30497.24609375	11650.90234375	34562.04296875	16350.9013671875	31074.16015625	24434.404296875	30439.47265625	sub-93278	ses-1		dir-AP	acq-multiband	space-ACPC			DSIStudio	autotrackgqi
Association_VerticalOccipitalFasciculusR	fa	TORTOISE_model-tensor	/scratch/grmpy/SLURM_11261380_12/job-11261380-12-sub-93278/ds/inputs/data/qsiprep/qsiprep/sub-93278/ses-1/dwi/sub-93278_ses-1_acq-multiband_dir-AP_space-ACPC_desc-preproc_dwi.nii.gz	0.293103448275862	0.1292247114705879	0.0910039596147951	0.1598794034589408	0.182805689397417	0.1794932966399446	0.0438257599532177	0.1469331048747999	0.1830437994246929	sub-93278	ses-1		dir-AP	acq-multiband	space-ACPC			DSIStudio	autotrackgqi
Association_VerticalOccipitalFasciculusR	li	TORTOISE_model-tensor	/scratch/grmpy/SLURM_11261380_12/job-11261380-12-sub-93278/ds/inputs/data/qsiprep/qsiprep/sub-93278/ses-1/dwi/sub-93278_ses-1_acq-multiband_dir-AP_space-ACPC_desc-preproc_dwi.nii.gz	0.3448275862068966	0.0455458611249923	0.0403202250599861	0.0485972352325916	0.0695173665881156	0.0751609802246093	0.0285469256341457	0.0498349070549011	0.0665975660085678	sub-93278	ses-1		dir-AP	acq-multiband	space-ACPC			DSIStudio	autotrackgqi
Association_VerticalOccipitalFasciculusR	rd	TORTOISE_model-tensor	/scratch/grmpy/SLURM_11261380_12/job-11261380-12-sub-93278/ds/inputs/data/qsiprep/qsiprep/sub-93278/ses-1/dwi/sub-93278_ses-1_acq-multiband_dir-AP_space-ACPC_desc-preproc_dwi.nii.gz	0.293103448275862	525.3701771710508	361.6745066781565	652.2260675116938	743.2065920956328	699.5861369392242	152.14676698823885	602.6612919642831	750.7730302771506	sub-93278	ses-1		dir-AP	acq-multiband	space-ACPC			DSIStudio	autotrackgqi
Association_UncinateFasciculusL	ad	TORTOISE_model-tensor	/scratch/grmpy/SLURM_11261380_12/job-11261380-12-sub-93278/ds/inputs/data/qsiprep/qsiprep/sub-93278/ses-1/dwi/sub-93278_ses-1_acq-multiband_dir-AP_space-ACPC_desc-preproc_dwi.nii.gz	0.0	1173.1364182575	144.5437816290741	1155.559554193006	1173.1364182575	1155.559554193006	144.5437816290741	1184.7221313471505	1184.7221313471505	sub-93278	ses-1		dir-AP	acq-multiband	space-ACPC			DSIStudio	autotrackgqi
Association_UncinateFasciculusL	am	TORTOISE_model-tensor	/scratch/grmpy/SLURM_11261380_12/job-11261380-12-sub-93278/ds/inputs/data/qsiprep/qsiprep/sub-93278/ses-1/dwi/sub-93278_ses-1_acq-multiband_dir-AP_space-ACPC_desc-preproc_dwi.nii.gz	0.0	8587.84765625	1781.9085693359375	8574.923828125	8587.84765625	8574.923828125	1781.9085693359375	8837.1669921875	8837.1669921875	sub-93278	ses-1		dir-AP	acq-multiband	space-ACPC			DSIStudio	autotrackgqi
Association_UncinateFasciculusL	fa	TORTOISE_model-tensor	/scratch/grmpy/SLURM_11261380_12/job-11261380-12-sub-93278/ds/inputs/data/qsiprep/qsiprep/sub-93278/ses-1/dwi/sub-93278_ses-1_acq-multiband_dir-AP_space-ACPC_desc-preproc_dwi.nii.gz	0.0	0.5718091486265269	0.1745725667531028	0.6199289348971455	0.5718091486265269	0.6199289348971455	0.1745725667531028	0.5580687932314156	0.5580687932314156	sub-93278	ses-1		dir-AP	acq-multiband	space-ACPC			DSIStudio	autotrackgqi
Association_UncinateFasciculusL	li	TORTOISE_model-tensor	/scratch/grmpy/SLURM_11261380_12/job-11261380-12-sub-93278/ds/inputs/data/qsiprep/qsiprep/sub-93278/ses-1/dwi/sub-93278_ses-1_acq-multiband_dir-AP_space-ACPC_desc-preproc_dwi.nii.gz	0.0	0.3823788464069366	0.1370532214641571	0.4112904369831085	0.3823788464069366	0.4112904369831085	0.1370532214641571	0.3737569153308868	0.3737569153308868	sub-93278	ses-1		dir-AP	acq-multiband	space-ACPC			DSIStudio	autotrackgqi
Association_UncinateFasciculusL	rd	TORTOISE_model-tensor	/scratch/grmpy/SLURM_11261380_12/job-11261380-12-sub-93278/ds/inputs/data/qsiprep/qsiprep/sub-93278/ses-1/dwi/sub-93278_ses-1_acq-multiband_dir-AP_space-ACPC_desc-preproc_dwi.nii.gz	0.0	430.6785375368029	191.0682312322368	348.16466095903945	430.6785375368029	348.16466095903945	191.0682312322368	449.2945572054557	449.2945572054557	sub-93278	ses-1		dir-AP	acq-multiband	space-ACPC			DSIStudio	autotrackgqi
Association_SuperiorLongitudinalFasciculusR	ad	TORTOISE_model-tensor	/scratch/grmpy/SLURM_11261380_12/job-11261380-12-sub-93278/ds/inputs/data/qsiprep/qsiprep/sub-93278/ses-1/dwi/sub-93278_ses-1_acq-multiband_dir-AP_space-ACPC_desc-preproc_dwi.nii.gz	0.0034752389226759	866.2552845993068	199.80845065413817	830.7917729173541	869.2762271785547	831.1276029548296	193.4854274758465	945.7579113535976	946.256499046746	sub-93278	ses-1		dir-AP	acq-multiband	space-ACPC			DSIStudio	autotrackgqi
Association_SuperiorLongitudinalFasciculusR	am	TORTOISE_model-tensor	/scratch/grmpy/SLURM_11261380_12/job-11261380-12-sub-93278/ds/inputs/data/qsiprep/qsiprep/sub-93278/ses-1/dwi/sub-93278_ses-1_acq-multiband_dir-AP_space-ACPC_desc-preproc_dwi.nii.gz	0.0034752389226759	19433.673828125	12283.9853515625	16274.2568359375	19501.4453125	16342.0615234375	12251.56640625	16295.681640625	16304.2724609375	sub-93278	ses-1		dir-AP	acq-multiband	space-ACPC			DSIStudio	autotrackgqi
Association_SuperiorLongitudinalFasciculusR	fa	TORTOISE_model-tensor	/scratch/grmpy/SLURM_11261380_12/job-11261380-12-sub-93278/ds/inputs/data/qsiprep/qsiprep/sub-93278/ses-1/dwi/sub-93278_ses-1_acq-multiband_dir-AP_space-ACPC_desc-preproc_dwi.nii.gz	0.0034752389226759	0.4188595468757175	0.2059704900137244	0.4155148540919455	0.4203202602039676	0.416500448247922	0.2048360868878843	0.5541395957130983	0.5544317289370391	sub-93278	ses-1		dir-AP	acq-multiband	space-ACPC			DSIStudio	autotrackgqi
Association_SuperiorLongitudinalFasciculusR	li	TORTOISE_model-tensor	/scratch/grmpy/SLURM_11261380_12/job-11261380-12-sub-93278/ds/inputs/data/qsiprep/qsiprep/sub-93278/ses-1/dwi/sub-93278_ses-1_acq-multiband_dir-AP_space-ACPC_desc-preproc_dwi.nii.gz	0.0034752389226759	0.2788684666156769	0.1773614436388015	0.2488408833742141	0.2798409759998321	0.2506455779075622	0.1769028902053833	0.4030724167823791	0.4032849073410034	sub-93278	ses-1		dir-AP	acq-multiband	space-ACPC			DSIStudio	autotrackgqi
Association_SuperiorLongitudinalFasciculusR	rd	TORTOISE_model-tensor	/scratch/grmpy/SLURM_11261380_12/job-11261380-12-sub-93278/ds/inputs/data/qsiprep/qsiprep/sub-93278/ses-1/dwi/sub-93278_ses-1_acq-multiband_dir-AP_space-ACPC_desc-preproc_dwi.nii.gz	0.0034752389226759	429.75710222354166	152.6471717715476	407.5657585551514	431.2558192321678	408.4548972969623	150.7849067696089	348.7068547825504	348.89068711750593	sub-93278	ses-1		dir-AP	acq-multiband	space-ACPC			DSIStudio	autotrackgqi
Association_HippocampusAlveusR	ad	TORTOISE_model-tensor	/scratch/grmpy/SLURM_11261380_12/job-11261380-12-sub-93278/ds/inputs/data/qsiprep/qsiprep/sub-93278/ses-1/dwi/sub-93278_ses-1_acq-multiband_dir-AP_space-ACPC_desc-preproc_dwi.nii.gz	0.0	818.5609148909708	130.66209279190875	815.0303956030043	818.5609148909708	815.0303956030043	130.66209279190875	805.2157220981095	805.2156266747581	sub-93278	ses-1		dir-AP	acq-multiband	space-ACPC			DSIStudio	autotrackgqi
Association_HippocampusAlveusR	am	TORTOISE_model-tensor	/scratch/grmpy/SLURM_11261380_12/job-11261380-12-sub-93278/ds/inputs/data/qsiprep/qsiprep/sub-93278/ses-1/dwi/sub-93278_ses-1_acq-multiband_dir-AP_space-ACPC_desc-preproc_dwi.nii.gz	0.0	16758.13671875	8147.205078125	14531.4453125	16758.13671875	14531.4453125	8147.205078125	16655.474609375	16655.47265625	sub-93278	ses-1		dir-AP	acq-multiband	space-ACPC			DSIStudio	autotrackgqi
Association_HippocampusAlveusR	fa	TORTOISE_model-tensor	/scratch/grmpy/SLURM_11261380_12/job-11261380-12-sub-93278/ds/inputs/data/qsiprep/qsiprep/sub-93278/ses-1/dwi/sub-93278_ses-1_acq-multiband_dir-AP_space-ACPC_desc-preproc_dwi.nii.gz	0.0	0.3988393078975987	0.1727518484625844	0.3806301095384245	0.3988393078975987	0.3806301095384245	0.1727518484625844	0.4028395012912403	0.4028394528987877	sub-93278	ses-1		dir-AP	acq-multiband	space-ACPC			DSIStudio	autotrackgqi
Association_HippocampusAlveusR	li	TORTOISE_model-tensor	/scratch/grmpy/SLURM_11261380_12/job-11261380-12-sub-93278/ds/inputs/data/qsiprep/qsiprep/sub-93278/ses-1/dwi/sub-93278_ses-1_acq-multiband_dir-AP_space-ACPC_desc-preproc_dwi.nii.gz	0.0	0.2275323867797851	0.1284121572971344	0.2016060054302215	0.2275323867797851	0.2016060054302215	0.1284121572971344	0.23100246489048	0.23100246489048	sub-93278	ses-1		dir-AP	acq-multiband	space-ACPC			DSIStudio	autotrackgqi
Association_HippocampusAlveusR	rd	TORTOISE_model-tensor	/scratch/grmpy/SLURM_11261380_12/job-11261380-12-sub-93278/ds/inputs/data/qsiprep/qsiprep/sub-93278/ses-1/dwi/sub-93278_ses-1_acq-multiband_dir-AP_space-ACPC_desc-preproc_dwi.nii.gz	0.0	432.8099168135764	102.09999620627906	440.0541372484177	432.8099168135764	440.0541372484177	102.09999620627906	423.865810363824	423.8657609091362	sub-93278	ses-1		dir-AP	acq-multiband	space-ACPC			DSIStudio	autotrackgqi
Association_CingulumR	ad	TORTOISE_model-tensor	/scratch/grmpy/SLURM_11261380_12/job-11261380-12-sub-93278/ds/inputs/data/qsiprep/qsiprep/sub-93278/ses-1/dwi/sub-93278_ses-1_acq-multiband_dir-AP_space-ACPC_desc-preproc_dwi.nii.gz	0.0	855.4859396447736	200.58015424107825	806.552426939074	855.4859396447736	806.552426939074	200.58015424107825	917.9123640521324	917.9123640521324	sub-93278	ses-1		dir-AP	acq-multiband	space-ACPC			DSIStudio	autotrackgqi
Association_CingulumR	am	TORTOISE_model-tensor	/scratch/grmpy/SLURM_11261380_12/job-11261380-12-sub-93278/ds/inputs/data/qsiprep/qsiprep/sub-93278/ses-1/dwi/sub-93278_ses-1_acq-multiband_dir-AP_space-ACPC_desc-preproc_dwi.nii.gz	0.0	20026.80078125	10464.1943359375	17976.09765625	20026.80078125	17976.09765625	10464.1943359375	16945.94140625	16945.94140625	sub-93278	ses-1		dir-AP	acq-multiband	space-ACPC			DSIStudio	autotrackgqi
Association_CingulumR	fa	TORTOISE_model-tensor	/scratch/grmpy/SLURM_11261380_12/job-11261380-12-sub-93278/ds/inputs/data/qsiprep/qsiprep/sub-93278/ses-1/dwi/sub-93278_ses-1_acq-multiband_dir-AP_space-ACPC_desc-preproc_dwi.nii.gz	0.0	0.3836538205468419	0.1983301973166608	0.3561479721184613	0.3836538205468419	0.3561479721184613	0.1983301973166608	0.5273624997226283	0.5273624997226283	sub-93278	ses-1		dir-AP	acq-multiband	space-ACPC			DSIStudio	autotrackgqi
Association_CingulumR	li	TORTOISE_model-tensor	/scratch/grmpy/SLURM_11261380_12/job-11261380-12-sub-93278/ds/inputs/data/qsiprep/qsiprep/sub-93278/ses-1/dwi/sub-93278_ses-1_acq-multiband_dir-AP_space-ACPC_desc-preproc_dwi.nii.gz	0.0	0.2472170740365982	0.1653468161821365	0.2058542370796203	0.2472170740365982	0.2058542370796203	0.1653468161821365	0.3740302920341491	0.3740302920341491	sub-93278	ses-1		dir-AP	acq-multiband	space-ACPC			DSIStudio	autotrackgqi
Association_CingulumR	rd	TORTOISE_model-tensor	/scratch/grmpy/SLURM_11261380_12/job-11261380-12-sub-93278/ds/inputs/data/qsiprep/qsiprep/sub-93278/ses-1/dwi/sub-93278_ses-1_acq-multiband_dir-AP_space-ACPC_desc-preproc_dwi.nii.gz	0.0	462.7933019787639	177.11856703797446	448.2242375267941	462.7933019787639	448.2242375267941	177.11856703797446	365.9204029024222	365.9204029024222	sub-93278	ses-1		dir-AP	acq-multiband	space-ACPC			DSIStudio	autotrackgqi
Association_FrontalAslantTractR	ad	TORTOISE_model-tensor	/scratch/grmpy/SLURM_11261380_12/job-11261380-12-sub-93278/ds/inputs/data/qsiprep/qsiprep/sub-93278/ses-1/dwi/sub-93278_ses-1_acq-multiband_dir-AP_space-ACPC_desc-preproc_dwi.nii.gz	0.0	830.7009955165131	174.13209561809512	785.4843534211959	830.7009955165131	785.4843534211959	174.13209561809512	803.9542932239308	803.9543613626084	sub-93278	ses-1		dir-AP	acq-multiband	space-ACPC			DSIStudio	autotrackgqi
Association_FrontalAslantTractR	am	TORTOISE_model-tensor	/scratch/grmpy/SLURM_11261380_12/job-11261380-12-sub-93278/ds/inputs/data/qsiprep/qsiprep/sub-93278/ses-1/dwi/sub-93278_ses-1_acq-multiband_dir-AP_space-ACPC_desc-preproc_dwi.nii.gz	0.0	15445.4296875	3641.17236328125	14938.8154296875	15445.4296875	14938.8154296875	3641.17236328125	15909.015625	15909.017578125	sub-93278	ses-1		dir-AP	acq-multiband	space-ACPC			DSIStudio	autotrackgqi
Association_FrontalAslantTractR	fa	TORTOISE_model-tensor	/scratch/grmpy/SLURM_11261380_12/job-11261380-12-sub-93278/ds/inputs/data/qsiprep/qsiprep/sub-93278/ses-1/dwi/sub-93278_ses-1_acq-multiband_dir-AP_space-ACPC_desc-preproc_dwi.nii.gz	0.0	0.3962685263317904	0.2077855339000346	0.367118591893207	0.3962685263317904	0.367118591893207	0.2077855339000346	0.4120542712288046	0.412054306596513	sub-93278	ses-1		dir-AP	acq-multiband	space-ACPC			DSIStudio	autotrackgqi
Association_FrontalAslantTractR	li	TORTOISE_model-tensor	/scratch/grmpy/SLURM_11261380_12/job-11261380-12-sub-93278/ds/inputs/data/qsiprep/qsiprep/sub-93278/ses-1/dwi/sub-93278_ses-1_acq-multiband_dir-AP_space-ACPC_desc-preproc_dwi.nii.gz	0.0	0.2600876092910766	0.1714553833007812	0.2236102968454361	0.2600876092910766	0.2236102968454361	0.1714553833007812	0.2719269394874573	0.271926999092102	sub-93278	ses-1		dir-AP	acq-multiband	space-ACPC			DSIStudio	autotrackgqi
Association_FrontalAslantTractR	rd	TORTOISE_model-tensor	/scratch/grmpy/SLURM_11261380_12/job-11261380-12-sub-93278/ds/inputs/data/qsiprep/qsiprep/sub-93278/ses-1/dwi/sub-93278_ses-1_acq-multiband_dir-AP_space-ACPC_desc-preproc_dwi.nii.gz	0.0	435.5731237734007	126.63075068412148	439.4878891603129	435.5731237734007	439.4878891603129	126.63075068412148	417.3536722759645	417.35370712081976	sub-93278	ses-1		dir-AP	acq-multiband	space-ACPC			DSIStudio	autotrackgqi
Association_ArcuateFasciculusR	ad	TORTOISE_model-tensor	/scratch/grmpy/SLURM_11261380_12/job-11261380-12-sub-93278/ds/inputs/data/qsiprep/qsiprep/sub-93278/ses-1/dwi/sub-93278_ses-1_acq-multiband_dir-AP_space-ACPC_desc-preproc_dwi.nii.gz	0.0	740.2006727302102	124.3584854136603	712.8102543167145	740.2006727302102	712.8102543167145	124.3584854136603	727.3880460287074	727.3880460287074	sub-93278	ses-1		dir-AP	acq-multiband	space-ACPC			DSIStudio	autotrackgqi
Association_ArcuateFasciculusR	am	TORTOISE_model-tensor	/scratch/grmpy/SLURM_11261380_12/job-11261380-12-sub-93278/ds/inputs/data/qsiprep/qsiprep/sub-93278/ses-1/dwi/sub-93278_ses-1_acq-multiband_dir-AP_space-ACPC_desc-preproc_dwi.nii.gz	0.0	39600.1328125	21266.572265625	36369.046875	39600.1328125	36369.046875	21266.572265625	41415.5859375	41415.5859375	sub-93278	ses-1		dir-AP	acq-multiband	space-ACPC			DSIStudio	autotrackgqi
Association_ArcuateFasciculusR	fa	TORTOISE_model-tensor	/scratch/grmpy/SLURM_11261380_12/job-11261380-12-sub-93278/ds/inputs/data/qsiprep/qsiprep/sub-93278/ses-1/dwi/sub-93278_ses-1_acq-multiband_dir-AP_space-ACPC_desc-preproc_dwi.nii.gz	0.0	0.228091336104762	0.1019396621876099	0.202621794953278	0.228091336104762	0.202621794953278	0.1019396621876099	0.2202005016111731	0.2202005016111731	sub-93278	ses-1		dir-AP	acq-multiband	space-ACPC			DSIStudio	autotrackgqi
Association_ArcuateFasciculusR	li	TORTOISE_model-tensor	/scratch/grmpy/SLURM_11261380_12/job-11261380-12-sub-93278/ds/inputs/data/qsiprep/qsiprep/sub-93278/ses-1/dwi/sub-93278_ses-1_acq-multiband_dir-AP_space-ACPC_desc-preproc_dwi.nii.gz	0.0	0.1131434589624404	0.0693268105387687	0.0989591479301452	0.1131434589624404	0.0989591479301452	0.0693268105387687	0.1004481613636016	0.1004481613636016	sub-93278	ses-1		dir-AP	acq-multiband	space-ACPC			DSIStudio	autotrackgqi
Association_ArcuateFasciculusR	rd	TORTOISE_model-tensor	/scratch/grmpy/SLURM_11261380_12/job-11261380-12-sub-93278/ds/inputs/data/qsiprep/qsiprep/sub-93278/ses-1/dwi/sub-93278_ses-1_acq-multiband_dir-AP_space-ACPC_desc-preproc_dwi.nii.gz	0.0	518.6811847343389	95.8190763452176	507.8771995043501	518.6811847343389	507.8771995043501	95.8190763452176	518.6459357993965	518.6459357993965	sub-93278	ses-1		dir-AP	acq-multiband	space-ACPC			DSIStudio	autotrackgqi
Association_ParietalAslantTractL	ad	TORTOISE_model-tensor	/scratch/grmpy/SLURM_11261380_12/job-11261380-12-sub-93278/ds/inputs/data/qsiprep/qsiprep/sub-93278/ses-1/dwi/sub-93278_ses-1_acq-multiband_dir-AP_space-ACPC_desc-preproc_dwi.nii.gz	0.0	791.5562887958237	157.9634372938028	743.8521013961822	791.5562887958237	743.8521013961822	157.9634372938028	760.6293395232212	760.6293395232212	sub-93278	ses-1		dir-AP	acq-multiband	space-ACPC			DSIStudio	autotrackgqi
Association_ParietalAslantTractL	am	TORTOISE_model-tensor	/scratch/grmpy/SLURM_11261380_12/job-11261380-12-sub-93278/ds/inputs/data/qsiprep/qsiprep/sub-93278/ses-1/dwi/sub-93278_ses-1_acq-multiband_dir-AP_space-ACPC_desc-preproc_dwi.nii.gz	0.0	23306.625	4399.55517578125	23301.5546875	23306.625	23301.5546875	4399.55517578125	22544.0546875	22544.0546875	sub-93278	ses-1		dir-AP	acq-multiband	space-ACPC			DSIStudio	autotrackgqi
Association_ParietalAslantTractL	fa	TORTOISE_model-tensor	/scratch/grmpy/SLURM_11261380_12/job-11261380-12-sub-93278/ds/inputs/data/qsiprep/qsiprep/sub-93278/ses-1/dwi/sub-93278_ses-1_acq-multiband_dir-AP_space-ACPC_desc-preproc_dwi.nii.gz	0.0	0.2149709854767758	0.0828786894946397	0.1963252702175112	0.2149709854767758	0.1963252702175112	0.0828786894946397	0.23818439602681	0.23818439602681	sub-93278	ses-1		dir-AP	acq-multiband	space-ACPC			DSIStudio	autotrackgqi
Association_ParietalAslantTractL	li	TORTOISE_model-tensor	/scratch/grmpy/SLURM_11261380_12/job-11261380-12-sub-93278/ds/inputs/data/qsiprep/qsiprep/sub-93278/ses-1/dwi/sub-93278_ses-1_acq-multiband_dir-AP_space-ACPC_desc-preproc_dwi.nii.gz	0.0	0.1121163517236709	0.0520917102694511	0.1048119813203811	0.1121163517236709	0.1048119813203811	0.0520917102694511	0.1262386739253997	0.1262386739253997	sub-93278	ses-1		dir-AP	acq-multiband	space-ACPC			DSIStudio	autotrackgqi
Association_ParietalAslantTractL	rd	TORTOISE_model-tensor	/scratch/grmpy/SLURM_11261380_12/job-11261380-12-sub-93278/ds/inputs/data/qsiprep/qsiprep/sub-93278/ses-1/dwi/sub-93278_ses-1_acq-multiband_dir-AP_space-ACPC_desc-preproc_dwi.nii.gz	0.0	576.257192177354	153.77193589754597	529.1578385077821	576.257192177354	529.1578385077821	153.77193589754597	535.3508834874985	535.3508834874985	sub-93278	ses-1		dir-AP	acq-multiband	space-ACPC			DSIStudio	autotrackgqi
Association_MiddleLongitudinalFasciculusR	ad	TORTOISE_model-tensor	/scratch/grmpy/SLURM_11261380_12/job-11261380-12-sub-93278/ds/inputs/data/qsiprep/qsiprep/sub-93278/ses-1/dwi/sub-93278_ses-1_acq-multiband_dir-AP_space-ACPC_desc-preproc_dwi.nii.gz	0.0	709.9487636368655	80.418031663306	697.9969579584038	709.9487636368655	697.9969579584038	80.418031663306	695.4532850157032	695.4533424556782	sub-93278	ses-1		dir-AP	acq-multiband	space-ACPC			DSIStudio	autotrackgqi
Association_MiddleLongitudinalFasciculusR	am	TORTOISE_model-tensor	/scratch/grmpy/SLURM_11261380_12/job-11261380-12-sub-93278/ds/inputs/data/qsiprep/qsiprep/sub-93278/ses-1/dwi/sub-93278_ses-1_acq-multiband_dir-AP_space-ACPC_desc-preproc_dwi.nii.gz	0.0	35382.2421875	13377.060546875	33244.796875	35382.2421875	33244.796875	13377.060546875	32495.22265625	32495.224609375	sub-93278	ses-1		dir-AP	acq-multiband	space-ACPC			DSIStudio	autotrackgqi
Association_MiddleLongitudinalFasciculusR	fa	TORTOISE_model-tensor	/scratch/grmpy/SLURM_11261380_12/job-11261380-12-sub-93278/ds/inputs/data/qsiprep/qsiprep/sub-93278/ses-1/dwi/sub-93278_ses-1_acq-multiband_dir-AP_space-ACPC_desc-preproc_dwi.nii.gz	0.0	0.2226299889617363	0.0760585911876252	0.210526292607047	0.2226299889617363	0.210526292607047	0.0760585911876252	0.2416403468131529	0.2416403668733627	sub-93278	ses-1		dir-AP	acq-multiband	space-ACPC			DSIStudio	autotrackgqi
Association_MiddleLongitudinalFasciculusR	li	TORTOISE_model-tensor	/scratch/grmpy/SLURM_11261380_12/job-11261380-12-sub-93278/ds/inputs/data/qsiprep/qsiprep/sub-93278/ses-1/dwi/sub-93278_ses-1_acq-multiband_dir-AP_space-ACPC_desc-preproc_dwi.nii.gz	0.0	0.0952034890651702	0.0358095802366733	0.096061885356903	0.0952034890651702	0.096061885356903	0.0358095802366733	0.0993099808692932	0.0993099957704544	sub-93278	ses-1		dir-AP	acq-multiband	space-ACPC			DSIStudio	autotrackgqi
Association_MiddleLongitudinalFasciculusR	rd	TORTOISE_model-tensor	/scratch/grmpy/SLURM_11261380_12/job-11261380-12-sub-93278/ds/inputs/data/qsiprep/qsiprep/sub-93278/ses-1/dwi/sub-93278_ses-1_acq-multiband_dir-AP_space-ACPC_desc-preproc_dwi.nii.gz	0.0	501.23825672891087	53.54096118268901	498.71235651414673	501.23825672891087	498.71235651414673	53.54096118268901	482.3479436229911	482.3479833240342	sub-93278	ses-1		dir-AP	acq-multiband	space-ACPC			DSIStudio	autotrackgqi
Association_ExtremeCapsuleR	ad	TORTOISE_model-tensor	/scratch/grmpy/SLURM_11261380_12/job-11261380-12-sub-93278/ds/inputs/data/qsiprep/qsiprep/sub-93278/ses-1/dwi/sub-93278_ses-1_acq-multiband_dir-AP_space-ACPC_desc-preproc_dwi.nii.gz	0.0	889.8340681975683	184.00976965260543	881.7821909340637	889.8340681975683	881.7821909340637	184.00976965260543	875.9254170913275	875.9253150450572	sub-93278	ses-1		dir-AP	acq-multiband	space-ACPC			DSIStudio	autotrackgqi
Association_ExtremeCapsuleR	am	TORTOISE_model-tensor	/scratch/grmpy/SLURM_11261380_12/job-11261380-12-sub-93278/ds/inputs/data/qsiprep/qsiprep/sub-93278/ses-1/dwi/sub-93278_ses-1_acq-multiband_dir-AP_space-ACPC_desc-preproc_dwi.nii.gz	0.0	20279.02734375	8214.27734375	17109.0078125	20279.02734375	17109.0078125	8214.27734375	19270.341796875	19270.33984375	sub-93278	ses-1		dir-AP	acq-multiband	space-ACPC			DSIStudio	autotrackgqi
Association_ExtremeCapsuleR	fa	TORTOISE_model-tensor	/scratch/grmpy/SLURM_11261380_12/job-11261380-12-sub-93278/ds/inputs/data/qsiprep/qsiprep/sub-93278/ses-1/dwi/sub-93278_ses-1_acq-multiband_dir-AP_space-ACPC_desc-preproc_dwi.nii.gz	0.0	0.370254961733301	0.206612628955212	0.2785712443084261	0.370254961733301	0.2785712443084261	0.206612628955212	0.3925698093047793	0.3925697630286479	sub-93278	ses-1		dir-AP	acq-multiband	space-ACPC			DSIStudio	autotrackgqi
Association_ExtremeCapsuleR	li	TORTOISE_model-tensor	/scratch/grmpy/SLURM_11261380_12/job-11261380-12-sub-93278/ds/inputs/data/qsiprep/qsiprep/sub-93278/ses-1/dwi/sub-93278_ses-1_acq-multiband_dir-AP_space-ACPC_desc-preproc_dwi.nii.gz	0.0	0.2453675866127014	0.1760607361793518	0.1614139378070831	0.2453675866127014	0.1614139378070831	0.1760607361793518	0.2609857320785522	0.2609857022762298	sub-93278	ses-1		dir-AP	acq-multiband	space-ACPC			DSIStudio	autotrackgqi
Association_ExtremeCapsuleR	rd	TORTOISE_model-tensor	/scratch/grmpy/SLURM_11261380_12/job-11261380-12-sub-93278/ds/inputs/data/qsiprep/qsiprep/sub-93278/ses-1/dwi/sub-93278_ses-1_acq-multiband_dir-AP_space-ACPC_desc-preproc_dwi.nii.gz	0.0	484.7816996321897	172.29618687374747	465.139313108174	484.7816996321897	465.139313108174	172.29618687374747	455.7620973659329	455.7620447467615	sub-93278	ses-1		dir-AP	acq-multiband	space-ACPC			DSIStudio	autotrackgqi
Association_ArcuateFasciculusL	ad	TORTOISE_model-tensor	/scratch/grmpy/SLURM_11261380_12/job-11261380-12-sub-93278/ds/inputs/data/qsiprep/qsiprep/sub-93278/ses-1/dwi/sub-93278_ses-1_acq-multiband_dir-AP_space-ACPC_desc-preproc_dwi.nii.gz	0.0	856.2323650066891	142.82044578265416	815.2318193360235	856.2323650066891	815.2318193360235	142.82044578265416	844.8965337023649	844.8965337023649	sub-93278	ses-1		dir-AP	acq-multiband	space-ACPC			DSIStudio	autotrackgqi
Association_ArcuateFasciculusL	am	TORTOISE_model-tensor	/scratch/grmpy/SLURM_11261380_12/job-11261380-12-sub-93278/ds/inputs/data/qsiprep/qsiprep/sub-93278/ses-1/dwi/sub-93278_ses-1_acq-multiband_dir-AP_space-ACPC_desc-preproc_dwi.nii.gz	0.0	18315.8359375	6905.0966796875	17530.162109375	18315.8359375	17530.162109375	6905.0966796875	19366.74609375	19366.74609375	sub-93278	ses-1		dir-AP	acq-multiband	space-ACPC			DSIStudio	autotrackgqi
Association_ArcuateFasciculusL	fa	TORTOISE_model-tensor	/scratch/grmpy/SLURM_11261380_12/job-11261380-12-sub-93278/ds/inputs/data/qsiprep/qsiprep/sub-93278/ses-1/dwi/sub-93278_ses-1_acq-multiband_dir-AP_space-ACPC_desc-preproc_dwi.nii.gz	0.0	0.2807908890274519	0.1362784939257073	0.2337659357831395	0.2807908890274519	0.2337659357831395	0.1362784939257073	0.2769793094912172	0.2769793094912172	sub-93278	ses-1		dir-AP	acq-multiband	space-ACPC			DSIStudio	autotrackgqi
Association_ArcuateFasciculusL	li	TORTOISE_model-tensor	/scratch/grmpy/SLURM_11261380_12/job-11261380-12-sub-93278/ds/inputs/data/qsiprep/qsiprep/sub-93278/ses-1/dwi/sub-93278_ses-1_acq-multiband_dir-AP_space-ACPC_desc-preproc_dwi.nii.gz	0.0	0.1500523686408996	0.0891256257891655	0.1155353188514709	0.1500523686408996	0.1155353188514709	0.0891256257891655	0.1478831619024276	0.1478831619024276	sub-93278	ses-1		dir-AP	acq-multiband	space-ACPC			DSIStudio	autotrackgqi
Association_ArcuateFasciculusL	rd	TORTOISE_model-tensor	/scratch/grmpy/SLURM_11261380_12/job-11261380-12-sub-93278/ds/inputs/data/qsiprep/qsiprep/sub-93278/ses-1/dwi/sub-93278_ses-1_acq-multiband_dir-AP_space-ACPC_desc-preproc_dwi.nii.gz	0.0	548.8261478645773	120.76018001126928	541.6185390607332	548.8261478645773	541.6185390607332	120.76018001126928	543.6498827482786	543.6498827482786	sub-93278	ses-1		dir-AP	acq-multiband	space-ACPC			DSIStudio	autotrackgqi
ProjectionBrainstem_MedialForebrainBundleR	ad	TORTOISE_model-tensor	/scratch/grmpy/SLURM_11261380_12/job-11261380-12-sub-93278/ds/inputs/data/qsiprep/qsiprep/sub-93278/ses-1/dwi/sub-93278_ses-1_acq-multiband_dir-AP_space-ACPC_desc-preproc_dwi.nii.gz	0.0211640211640211	1147.0916206898942	374.2549808060736	1100.1424888500774	1171.893601677784	1103.829222066439	337.683252440624	1155.0712914871808	1163.231148765956	sub-93278	ses-1		dir-AP	acq-multiband	space-ACPC			DSIStudio	autotrackgqi
ProjectionBrainstem_MedialForebrainBundleR	am	TORTOISE_model-tensor	/scratch/grmpy/SLURM_11261380_12/job-11261380-12-sub-93278/ds/inputs/data/qsiprep/qsiprep/sub-93278/ses-1/dwi/sub-93278_ses-1_acq-multiband_dir-AP_space-ACPC_desc-preproc_dwi.nii.gz	0.0211640211640211	34617.51953125	17245.138671875	30243.517578125	35366.00390625	30550.048828125	16653.94921875	37815.3828125	38082.5234375	sub-93278	ses-1		dir-AP	acq-multiband	space-ACPC			DSIStudio	autotrackgqi
ProjectionBrainstem_MedialForebrainBundleR	fa	TORTOISE_model-tensor	/scratch/grmpy/SLURM_11261380_12/job-11261380-12-sub-93278/ds/inputs/data/qsiprep/qsiprep/sub-93278/ses-1/dwi/sub-93278_ses-1_acq-multiband_dir-AP_space-ACPC_desc-preproc_dwi.nii.gz	0.0211640211640211	0.2437546392888773	0.1186629360869177	0.2244739659910775	0.2490250098680963	0.2311412398071317	0.1143367396896272	0.2145913537647031	0.2161073077056375	sub-93278	ses-1		dir-AP	acq-multiband	space-ACPC			DSIStudio	autotrackgqi
ProjectionBrainstem_MedialForebrainBundleR	li	TORTOISE_model-tensor	/scratch/grmpy/SLURM_11261380_12/job-11261380-12-sub-93278/ds/inputs/data/qsiprep/qsiprep/sub-93278/ses-1/dwi/sub-93278_ses-1_acq-multiband_dir-AP_space-ACPC_desc-preproc_dwi.nii.gz	0.0317460317460317	0.1271715313196182	0.0740726739168167	0.1133719459176063	0.1313410848379135	0.1154551580548286	0.0715473294258117	0.1092713922262191	0.1103899180889129	sub-93278	ses-1		dir-AP	acq-multiband	space-ACPC			DSIStudio	autotrackgqi
ProjectionBrainstem_MedialForebrainBundleR	rd	TORTOISE_model-tensor	/scratch/grmpy/SLURM_11261380_12/job-11261380-12-sub-93278/ds/inputs/data/qsiprep/qsiprep/sub-93278/ses-1/dwi/sub-93278_ses-1_acq-multiband_dir-AP_space-ACPC_desc-preproc_dwi.nii.gz	0.0211640211640211	790.9531762776967	339.0858883491688	701.4044130678295	808.0548665755929	702.0814593096621	321.94125740624014	839.7883584418379	845.7209385954931	sub-93278	ses-1		dir-AP	acq-multiband	space-ACPC			DSIStudio	autotrackgqi
ProjectionBrainstem_CorticopontineTractR	ad	TORTOISE_model-tensor	/scratch/grmpy/SLURM_11261380_12/job-11261380-12-sub-93278/ds/inputs/data/qsiprep/qsiprep/sub-93278/ses-1/dwi/sub-93278_ses-1_acq-multiband_dir-AP_space-ACPC_desc-preproc_dwi.nii.gz	0.0	908.0194209160576	330.57574601362586	778.5991724458057	908.0194209160576	778.5991724458057	330.57574601362586	932.7164449572646	932.7164449572646	sub-93278	ses-1		dir-AP	acq-multiband	space-ACPC			DSIStudio	autotrackgqi
ProjectionBrainstem_CorticopontineTractR	am	TORTOISE_model-tensor	/scratch/grmpy/SLURM_11261380_12/job-11261380-12-sub-93278/ds/inputs/data/qsiprep/qsiprep/sub-93278/ses-1/dwi/sub-93278_ses-1_acq-multiband_dir-AP_space-ACPC_desc-preproc_dwi.nii.gz	0.0	29222.21875	13253.8369140625	25134.9296875	29222.21875	25134.9296875	13253.8369140625	29742.01953125	29742.01953125	sub-93278	ses-1		dir-AP	acq-multiband	space-ACPC			DSIStudio	autotrackgqi
ProjectionBrainstem_CorticopontineTractR	fa	TORTOISE_model-tensor	/scratch/grmpy/SLURM_11261380_12/job-11261380-12-sub-93278/ds/inputs/data/qsiprep/qsiprep/sub-93278/ses-1/dwi/sub-93278_ses-1_acq-multiband_dir-AP_space-ACPC_desc-preproc_dwi.nii.gz	0.0	0.1834997107980822	0.0824308284060879	0.1648257418774116	0.1834997107980822	0.1648257418774116	0.0824308284060879	0.203227238997909	0.203227238997909	sub-93278	ses-1		dir-AP	acq-multiband	space-ACPC			DSIStudio	autotrackgqi
ProjectionBrainstem_CorticopontineTractR	li	TORTOISE_model-tensor	/scratch/grmpy/SLURM_11261380_12/job-11261380-12-sub-93278/ds/inputs/data/qsiprep/qsiprep/sub-93278/ses-1/dwi/sub-93278_ses-1_acq-multiband_dir-AP_space-ACPC_desc-preproc_dwi.nii.gz	0.0	0.0797032862901687	0.0483814664185047	0.0689163655042648	0.0797032862901687	0.0689163655042648	0.0483814664185047	0.0904872566461563	0.0904872566461563	sub-93278	ses-1		dir-AP	acq-multiband	space-ACPC			DSIStudio	autotrackgqi
ProjectionBrainstem_CorticopontineTractR	rd	TORTOISE_model-tensor	/scratch/grmpy/SLURM_11261380_12/job-11261380-12-sub-93278/ds/inputs/data/qsiprep/qsiprep/sub-93278/ses-1/dwi/sub-93278_ses-1_acq-multiband_dir-AP_space-ACPC_desc-preproc_dwi.nii.gz	0.0	696.500042799321	308.4765584399452	548.465487378101	696.500042799321	548.465487378101	308.4765584399452	694.6791269823484	694.6791269823484	sub-93278	ses-1		dir-AP	acq-multiband	space-ACPC			DSIStudio	autotrackgqi
ProjectionBasalGanglia_FasciculusLenticularisR	ad	TORTOISE_model-tensor	/scratch/grmpy/SLURM_11261380_12/job-11261380-12-sub-93278/ds/inputs/data/qsiprep/qsiprep/sub-93278/ses-1/dwi/sub-93278_ses-1_acq-multiband_dir-AP_space-ACPC_desc-preproc_dwi.nii.gz	0.0	908.8441877237638	281.5850834546304	793.7565486618712	908.8441877237638	793.7565486618712	281.5850834546304	891.60465400827	891.60465400827	sub-93278	ses-1		dir-AP	acq-multiband	space-ACPC			DSIStudio	autotrackgqi
ProjectionBasalGanglia_FasciculusLenticularisR	am	TORTOISE_model-tensor	/scratch/grmpy/SLURM_11261380_12/job-11261380-12-sub-93278/ds/inputs/data/qsiprep/qsiprep/sub-93278/ses-1/dwi/sub-93278_ses-1_acq-multiband_dir-AP_space-ACPC_desc-preproc_dwi.nii.gz	0.0	28440.55859375	8084.97265625	26251.89453125	28440.55859375	26251.89453125	8084.97265625	28636.625	28636.625	sub-93278	ses-1		dir-AP	acq-multiband	space-ACPC			DSIStudio	autotrackgqi
ProjectionBasalGanglia_FasciculusLenticularisR	fa	TORTOISE_model-tensor	/scratch/grmpy/SLURM_11261380_12/job-11261380-12-sub-93278/ds/inputs/data/qsiprep/qsiprep/sub-93278/ses-1/dwi/sub-93278_ses-1_acq-multiband_dir-AP_space-ACPC_desc-preproc_dwi.nii.gz	0.0	0.1987052887394593	0.077508363654659	0.193086677855443	0.1987052887394593	0.193086677855443	0.077508363654659	0.2170866804480211	0.2170866804480211	sub-93278	ses-1		dir-AP	acq-multiband	space-ACPC			DSIStudio	autotrackgqi
ProjectionBasalGanglia_FasciculusLenticularisR	li	TORTOISE_model-tensor	/scratch/grmpy/SLURM_11261380_12/job-11261380-12-sub-93278/ds/inputs/data/qsiprep/qsiprep/sub-93278/ses-1/dwi/sub-93278_ses-1_acq-multiband_dir-AP_space-ACPC_desc-preproc_dwi.nii.gz	0.0	0.0817752629518508	0.0321606956422328	0.081384964287281	0.0817752629518508	0.081384964287281	0.0321606956422328	0.0925931185483932	0.0925931185483932	sub-93278	ses-1		dir-AP	acq-multiband	space-ACPC			DSIStudio	autotrackgqi
ProjectionBasalGanglia_FasciculusLenticularisR	rd	TORTOISE_model-tensor	/scratch/grmpy/SLURM_11261380_12/job-11261380-12-sub-93278/ds/inputs/data/qsiprep/qsiprep/sub-93278/ses-1/dwi/sub-93278_ses-1_acq-multiband_dir-AP_space-ACPC_desc-preproc_dwi.nii.gz	0.0	666.2867166554004	235.38699754162255	552.4004478244075	666.2867166554004	552.4004478244075	235.38699754162255	634.8092532350571	634.8092532350571	sub-93278	ses-1		dir-AP	acq-multiband	space-ACPC			DSIStudio	autotrackgqi
ProjectionBasalGanglia_CorticostriatalTractR	ad	TORTOISE_model-tensor	/scratch/grmpy/SLURM_11261380_12/job-11261380-12-sub-93278/ds/inputs/data/qsiprep/qsiprep/sub-93278/ses-1/dwi/sub-93278_ses-1_acq-multiband_dir-AP_space-ACPC_desc-preproc_dwi.nii.gz	0.0	910.0509902749208	219.502061653952	881.6471485852651	910.0509902749208	881.6471485852651	219.502061653952	848.8725618200567	848.8725618200567	sub-93278	ses-1		dir-AP	acq-multiband	space-ACPC			DSIStudio	autotrackgqi
ProjectionBasalGanglia_CorticostriatalTractR	am	TORTOISE_model-tensor	/scratch/grmpy/SLURM_11261380_12/job-11261380-12-sub-93278/ds/inputs/data/qsiprep/qsiprep/sub-93278/ses-1/dwi/sub-93278_ses-1_acq-multiband_dir-AP_space-ACPC_desc-preproc_dwi.nii.gz	0.0	10333.90625	5558.96337890625	8406.3466796875	10333.90625	8406.3466796875	5558.96337890625	9816.435546875	9816.435546875	sub-93278	ses-1		dir-AP	acq-multiband	space-ACPC			DSIStudio	autotrackgqi
ProjectionBasalGanglia_CorticostriatalTractR	fa	TORTOISE_model-tensor	/scratch/grmpy/SLURM_11261380_12/job-11261380-12-sub-93278/ds/inputs/data/qsiprep/qsiprep/sub-93278/ses-1/dwi/sub-93278_ses-1_acq-multiband_dir-AP_space-ACPC_desc-preproc_dwi.nii.gz	0.0	0.3988827029169815	0.1649585747954497	0.4253405543146727	0.3988827029169815	0.4253405543146727	0.1649585747954497	0.4140882281788597	0.4140882281788597	sub-93278	ses-1		dir-AP	acq-multiband	space-ACPC			DSIStudio	autotrackgqi
ProjectionBasalGanglia_CorticostriatalTractR	li	TORTOISE_model-tensor	/scratch/grmpy/SLURM_11261380_12/job-11261380-12-sub-93278/ds/inputs/data/qsiprep/qsiprep/sub-93278/ses-1/dwi/sub-93278_ses-1_acq-multiband_dir-AP_space-ACPC_desc-preproc_dwi.nii.gz	0.0	0.2183394879102707	0.112554095685482	0.2247350513935089	0.2183394879102707	0.2247350513935089	0.112554095685482	0.2271517515182495	0.2271517515182495	sub-93278	ses-1		dir-AP	acq-multiband	space-ACPC			DSIStudio	autotrackgqi
ProjectionBasalGanglia_CorticostriatalTractR	rd	TORTOISE_model-tensor	/scratch/grmpy/SLURM_11261380_12/job-11261380-12-sub-93278/ds/inputs/data/qsiprep/qsiprep/sub-93278/ses-1/dwi/sub-93278_ses-1_acq-multiband_dir-AP_space-ACPC_desc-preproc_dwi.nii.gz	0.0	493.1425448656349	239.8866299573954	424.3687508999005	493.1425448656349	424.3687508999005	239.8866299573954	446.0159603827241	446.0159603827241	sub-93278	ses-1		dir-AP	acq-multiband	space-ACPC			DSIStudio	autotrackgqi
ProjectionBasalGanglia_FasciculusSubthalamicusR	ad	TORTOISE_model-tensor	/scratch/grmpy/SLURM_11261380_12/job-11261380-12-sub-93278/ds/inputs/data/qsiprep/qsiprep/sub-93278/ses-1/dwi/sub-93278_ses-1_acq-multiband_dir-AP_space-ACPC_desc-preproc_dwi.nii.gz	0.0	964.1561588823172	323.21650909101135	853.7522843078042	964.1561588823172	853.7522843078042	323.21650909101135	996.0794452271912	996.0795321769848	sub-93278	ses-1		dir-AP	acq-multiband	space-ACPC			DSIStudio	autotrackgqi
ProjectionBasalGanglia_FasciculusSubthalamicusR	am	TORTOISE_model-tensor	/scratch/grmpy/SLURM_11261380_12/job-11261380-12-sub-93278/ds/inputs/data/qsiprep/qsiprep/sub-93278/ses-1/dwi/sub-93278_ses-1_acq-multiband_dir-AP_space-ACPC_desc-preproc_dwi.nii.gz	0.0	29945.119140625	12261.9140625	26324.1015625	29945.119140625	26324.1015625	12261.9140625	31190.9453125	31190.947265625	sub-93278	ses-1		dir-AP	acq-multiband	space-ACPC			DSIStudio	autotrackgqi
ProjectionBasalGanglia_FasciculusSubthalamicusR	fa	TORTOISE_model-tensor	/scratch/grmpy/SLURM_11261380_12/job-11261380-12-sub-93278/ds/inputs/data/qsiprep/qsiprep/sub-93278/ses-1/dwi/sub-93278_ses-1_acq-multiband_dir-AP_space-ACPC_desc-preproc_dwi.nii.gz	0.0	0.1752235764133045	0.0788215332802958	0.1603950826666108	0.1752235764133045	0.1603950826666108	0.0788215332802958	0.1976735963679372	0.1976736134562981	sub-93278	ses-1		dir-AP	acq-multiband	space-ACPC			DSIStudio	autotrackgqi
ProjectionBasalGanglia_FasciculusSubthalamicusR	li	TORTOISE_model-tensor	/scratch/grmpy/SLURM_11261380_12/job-11261380-12-sub-93278/ds/inputs/data/qsiprep/qsiprep/sub-93278/ses-1/dwi/sub-93278_ses-1_acq-multiband_dir-AP_space-ACPC_desc-preproc_dwi.nii.gz	0.0	0.0728183314204216	0.041918758302927	0.0665891617536544	0.0728183314204216	0.0665891617536544	0.041918758302927	0.080638863146305	0.0806388705968856	sub-93278	ses-1		dir-AP	acq-multiband	space-ACPC			DSIStudio	autotrackgqi
ProjectionBasalGanglia_FasciculusSubthalamicusR	rd	TORTOISE_model-tensor	/scratch/grmpy/SLURM_11261380_12/job-11261380-12-sub-93278/ds/inputs/data/qsiprep/qsiprep/sub-93278/ses-1/dwi/sub-93278_ses-1_acq-multiband_dir-AP_space-ACPC_desc-preproc_dwi.nii.gz	0.0	747.9839165101761	304.8376354856923	634.5161595037067	747.9839165101761	634.5161595037067	304.8376354856923	743.8102508282137	743.8103157737509	sub-93278	ses-1		dir-AP	acq-multiband	space-ACPC			DSIStudio	autotrackgqi
ProjectionBasalGanglia_FornixR	ad	TORTOISE_model-tensor	/scratch/grmpy/SLURM_11261380_12/job-11261380-12-sub-93278/ds/inputs/data/qsiprep/qsiprep/sub-93278/ses-1/dwi/sub-93278_ses-1_acq-multiband_dir-AP_space-ACPC_desc-preproc_dwi.nii.gz	0.0	789.241323515948	142.81751217625106	763.7922706068512	789.241323515948	763.7922706068512	142.81751217625106	791.3140265444398	791.314093879509	sub-93278	ses-1		dir-AP	acq-multiband	space-ACPC			DSIStudio	autotrackgqi
ProjectionBasalGanglia_FornixR	am	TORTOISE_model-tensor	/scratch/grmpy/SLURM_11261380_12/job-11261380-12-sub-93278/ds/inputs/data/qsiprep/qsiprep/sub-93278/ses-1/dwi/sub-93278_ses-1_acq-multiband_dir-AP_space-ACPC_desc-preproc_dwi.nii.gz	0.0	20325.1796875	9120.0869140625	17761.109375	20325.1796875	17761.109375	9120.0869140625	19558.9765625	19558.9765625	sub-93278	ses-1		dir-AP	acq-multiband	space-ACPC			DSIStudio	autotrackgqi
ProjectionBasalGanglia_FornixR	fa	TORTOISE_model-tensor	/scratch/grmpy/SLURM_11261380_12/job-11261380-12-sub-93278/ds/inputs/data/qsiprep/qsiprep/sub-93278/ses-1/dwi/sub-93278_ses-1_acq-multiband_dir-AP_space-ACPC_desc-preproc_dwi.nii.gz	0.0	0.3354264720307755	0.1419898780929119	0.3270027598874976	0.3354264720307755	0.3270027598874976	0.1419898780929119	0.3733627301300593	0.3733627618850237	sub-93278	ses-1		dir-AP	acq-multiband	space-ACPC			DSIStudio	autotrackgqi
ProjectionBasalGanglia_FornixR	li	TORTOISE_model-tensor	/scratch/grmpy/SLURM_11261380_12/job-11261380-12-sub-93278/ds/inputs/data/qsiprep/qsiprep/sub-93278/ses-1/dwi/sub-93278_ses-1_acq-multiband_dir-AP_space-ACPC_desc-preproc_dwi.nii.gz	0.0	0.1773116141557693	0.1049479693174362	0.1470833271741867	0.1773116141557693	0.1470833271741867	0.1049479693174362	0.2101134359836578	0.2101134657859802	sub-93278	ses-1		dir-AP	acq-multiband	space-ACPC			DSIStudio	autotrackgqi
ProjectionBasalGanglia_FornixR	rd	TORTOISE_model-tensor	/scratch/grmpy/SLURM_11261380_12/job-11261380-12-sub-93278/ds/inputs/data/qsiprep/qsiprep/sub-93278/ses-1/dwi/sub-93278_ses-1_acq-multiband_dir-AP_space-ACPC_desc-preproc_dwi.nii.gz	0.0	469.7812777127694	111.18626064173768	456.2935327543308	469.7812777127694	456.2935327543308	111.18626064173768	436.0065415656712	436.0065787273809	sub-93278	ses-1		dir-AP	acq-multiband	space-ACPC			DSIStudio	autotrackgqi
ProjectionBasalGanglia_AnsaSubthalamicaR	ad	TORTOISE_model-tensor	/scratch/grmpy/SLURM_11261380_12/job-11261380-12-sub-93278/ds/inputs/data/qsiprep/qsiprep/sub-93278/ses-1/dwi/sub-93278_ses-1_acq-multiband_dir-AP_space-ACPC_desc-preproc_dwi.nii.gz	0.0	1078.09683227941	405.09292748157407	985.8598020557712	1078.09683227941	985.8598020557712	405.09292748157407	1176.7415602588044	1176.7415602588044	sub-93278	ses-1		dir-AP	acq-multiband	space-ACPC			DSIStudio	autotrackgqi
ProjectionBasalGanglia_AnsaSubthalamicaR	am	TORTOISE_model-tensor	/scratch/grmpy/SLURM_11261380_12/job-11261380-12-sub-93278/ds/inputs/data/qsiprep/qsiprep/sub-93278/ses-1/dwi/sub-93278_ses-1_acq-multiband_dir-AP_space-ACPC_desc-preproc_dwi.nii.gz	0.0	31779.892578125	10077.5966796875	27938.34375	31779.892578125	27938.34375	10077.5966796875	33162.3125	33162.3125	sub-93278	ses-1		dir-AP	acq-multiband	space-ACPC			DSIStudio	autotrackgqi
ProjectionBasalGanglia_AnsaSubthalamicaR	fa	TORTOISE_model-tensor	/scratch/grmpy/SLURM_11261380_12/job-11261380-12-sub-93278/ds/inputs/data/qsiprep/qsiprep/sub-93278/ses-1/dwi/sub-93278_ses-1_acq-multiband_dir-AP_space-ACPC_desc-preproc_dwi.nii.gz	0.0	0.1547576353676085	0.0542651000273121	0.152084531805949	0.1547576353676085	0.152084531805949	0.0542651000273121	0.1639519464005683	0.1639519464005683	sub-93278	ses-1		dir-AP	acq-multiband	space-ACPC			DSIStudio	autotrackgqi
ProjectionBasalGanglia_AnsaSubthalamicaR	li	TORTOISE_model-tensor	/scratch/grmpy/SLURM_11261380_12/job-11261380-12-sub-93278/ds/inputs/data/qsiprep/qsiprep/sub-93278/ses-1/dwi/sub-93278_ses-1_acq-multiband_dir-AP_space-ACPC_desc-preproc_dwi.nii.gz	0.0	0.0599862821400165	0.0265118777751922	0.0580915287137031	0.0599862821400165	0.0580915287137031	0.0265118777751922	0.0593112707138061	0.0593112707138061	sub-93278	ses-1		dir-AP	acq-multiband	space-ACPC			DSIStudio	autotrackgqi
ProjectionBasalGanglia_AnsaSubthalamicaR	rd	TORTOISE_model-tensor	/scratch/grmpy/SLURM_11261380_12/job-11261380-12-sub-93278/ds/inputs/data/qsiprep/qsiprep/sub-93278/ses-1/dwi/sub-93278_ses-1_acq-multiband_dir-AP_space-ACPC_desc-preproc_dwi.nii.gz	0.0	861.7198872265634	361.4623774692713	791.5421126706576	861.7198872265634	791.5421126706576	361.4623774692713	931.5344098082468	931.5344098082468	sub-93278	ses-1		dir-AP	acq-multiband	space-ACPC			DSIStudio	autotrackgqi
ProjectionBasalGanglia_AnsaLenticularisR	ad	TORTOISE_model-tensor	/scratch/grmpy/SLURM_11261380_12/job-11261380-12-sub-93278/ds/inputs/data/qsiprep/qsiprep/sub-93278/ses-1/dwi/sub-93278_ses-1_acq-multiband_dir-AP_space-ACPC_desc-preproc_dwi.nii.gz	0.0	1124.523949355158	447.3949675675572	1025.9040819853967	1124.523949355158	1025.9040819853967	447.3949675675572	1182.1861040002195	1182.1861040002195	sub-93278	ses-1		dir-AP	acq-multiband	space-ACPC			DSIStudio	autotrackgqi
ProjectionBasalGanglia_AnsaLenticularisR	am	TORTOISE_model-tensor	/scratch/grmpy/SLURM_11261380_12/job-11261380-12-sub-93278/ds/inputs/data/qsiprep/qsiprep/sub-93278/ses-1/dwi/sub-93278_ses-1_acq-multiband_dir-AP_space-ACPC_desc-preproc_dwi.nii.gz	0.0	31982.23828125	10881.7021484375	27168.017578125	31982.23828125	27168.017578125	10881.7021484375	33214.41796875	33214.41796875	sub-93278	ses-1		dir-AP	acq-multiband	space-ACPC			DSIStudio	autotrackgqi
ProjectionBasalGanglia_AnsaLenticularisR	fa	TORTOISE_model-tensor	/scratch/grmpy/SLURM_11261380_12/job-11261380-12-sub-93278/ds/inputs/data/qsiprep/qsiprep/sub-93278/ses-1/dwi/sub-93278_ses-1_acq-multiband_dir-AP_space-ACPC_desc-preproc_dwi.nii.gz	0.0	0.1446901593179371	0.0535623092036721	0.1437311365203098	0.1446901593179371	0.1437311365203098	0.0535623092036721	0.1612458798468387	0.1612458798468387	sub-93278	ses-1		dir-AP	acq-multiband	space-ACPC			DSIStudio	autotrackgqi
ProjectionBasalGanglia_AnsaLenticularisR	li	TORTOISE_model-tensor	/scratch/grmpy/SLURM_11261380_12/job-11261380-12-sub-93278/ds/inputs/data/qsiprep/qsiprep/sub-93278/ses-1/dwi/sub-93278_ses-1_acq-multiband_dir-AP_space-ACPC_desc-preproc_dwi.nii.gz	0.0	0.0508404225111007	0.0218825004994869	0.0484106428921222	0.0508404225111007	0.0484106428921222	0.0218825004994869	0.0564622730016708	0.0564622730016708	sub-93278	ses-1		dir-AP	acq-multiband	space-ACPC			DSIStudio	autotrackgqi
ProjectionBasalGanglia_AnsaLenticularisR	rd	TORTOISE_model-tensor	/scratch/grmpy/SLURM_11261380_12/job-11261380-12-sub-93278/ds/inputs/data/qsiprep/qsiprep/sub-93278/ses-1/dwi/sub-93278_ses-1_acq-multiband_dir-AP_space-ACPC_desc-preproc_dwi.nii.gz	0.0	915.9230240112954	398.6273346237308	832.5063657861332	915.9230240112954	832.5063657861332	398.6273346237308	939.8219809857412	939.8219809857412	sub-93278	ses-1		dir-AP	acq-multiband	space-ACPC			DSIStudio	autotrackgqi
ProjectionBrainstem_DentatorubrothalamicTract-rl	ad	TORTOISE_model-tensor	/scratch/grmpy/SLURM_11261380_12/job-11261380-12-sub-93278/ds/inputs/data/qsiprep/qsiprep/sub-93278/ses-1/dwi/sub-93278_ses-1_acq-multiband_dir-AP_space-ACPC_desc-preproc_dwi.nii.gz	0.0	966.2587315098943	387.6138946079358	788.2290082878395	966.2587315098943	788.2290082878395	387.6138946079358	1002.71572534004	1002.71572534004	sub-93278	ses-1		dir-AP	acq-multiband	space-ACPC			DSIStudio	autotrackgqi
ProjectionBrainstem_DentatorubrothalamicTract-rl	am	TORTOISE_model-tensor	/scratch/grmpy/SLURM_11261380_12/job-11261380-12-sub-93278/ds/inputs/data/qsiprep/qsiprep/sub-93278/ses-1/dwi/sub-93278_ses-1_acq-multiband_dir-AP_space-ACPC_desc-preproc_dwi.nii.gz	0.0	35771.90234375	26566.125	25221.9453125	35771.90234375	25221.9453125	26566.125	39994.3203125	39994.3203125	sub-93278	ses-1		dir-AP	acq-multiband	space-ACPC			DSIStudio	autotrackgqi
ProjectionBrainstem_DentatorubrothalamicTract-rl	fa	TORTOISE_model-tensor	/scratch/grmpy/SLURM_11261380_12/job-11261380-12-sub-93278/ds/inputs/data/qsiprep/qsiprep/sub-93278/ses-1/dwi/sub-93278_ses-1_acq-multiband_dir-AP_space-ACPC_desc-preproc_dwi.nii.gz	0.0	0.1988415238389384	0.0972457877578431	0.1831534871980864	0.1988415238389384	0.1831534871980864	0.0972457877578431	0.2031994150008437	0.2031994150008437	sub-93278	ses-1		dir-AP	acq-multiband	space-ACPC			DSIStudio	autotrackgqi
ProjectionBrainstem_DentatorubrothalamicTract-rl	li	TORTOISE_model-tensor	/scratch/grmpy/SLURM_11261380_12/job-11261380-12-sub-93278/ds/inputs/data/qsiprep/qsiprep/sub-93278/ses-1/dwi/sub-93278_ses-1_acq-multiband_dir-AP_space-ACPC_desc-preproc_dwi.nii.gz	0.0105263157894736	0.0877312272787094	0.0506640076637268	0.0767278224229812	0.0886645391583442	0.0774411410093307	0.0501138344407081	0.089020051062107	0.0896336287260055	sub-93278	ses-1		dir-AP	acq-multiband	space-ACPC			DSIStudio	autotrackgqi
ProjectionBrainstem_DentatorubrothalamicTract-rl	rd	TORTOISE_model-tensor	/scratch/grmpy/SLURM_11261380_12/job-11261380-12-sub-93278/ds/inputs/data/qsiprep/qsiprep/sub-93278/ses-1/dwi/sub-93278_ses-1_acq-multiband_dir-AP_space-ACPC_desc-preproc_dwi.nii.gz	0.0	733.0116526808824	369.8938614679472	554.3169489229902	733.0116526808824	554.3169489229902	369.8938614679472	756.5637829555368	756.5637829555368	sub-93278	ses-1		dir-AP	acq-multiband	space-ACPC			DSIStudio	autotrackgqi
ProjectionBrainstem_CorticobulbarTractR	ad	TORTOISE_model-tensor	/scratch/grmpy/SLURM_11261380_12/job-11261380-12-sub-93278/ds/inputs/data/qsiprep/qsiprep/sub-93278/ses-1/dwi/sub-93278_ses-1_acq-multiband_dir-AP_space-ACPC_desc-preproc_dwi.nii.gz	0.0	911.09528108891	331.859487629776	794.7788781767754	911.09528108891	794.7788781767754	331.859487629776	882.1819306638505	882.1818275865323	sub-93278	ses-1		dir-AP	acq-multiband	space-ACPC			DSIStudio	autotrackgqi
ProjectionBrainstem_CorticobulbarTractR	am	TORTOISE_model-tensor	/scratch/grmpy/SLURM_11261380_12/job-11261380-12-sub-93278/ds/inputs/data/qsiprep/qsiprep/sub-93278/ses-1/dwi/sub-93278_ses-1_acq-multiband_dir-AP_space-ACPC_desc-preproc_dwi.nii.gz	0.0	27882.3671875	9877.927734375	24778.552734375	27882.3671875	24778.552734375	9877.927734375	27052.064453125	27052.05859375	sub-93278	ses-1		dir-AP	acq-multiband	space-ACPC			DSIStudio	autotrackgqi
ProjectionBrainstem_CorticobulbarTractR	fa	TORTOISE_model-tensor	/scratch/grmpy/SLURM_11261380_12/job-11261380-12-sub-93278/ds/inputs/data/qsiprep/qsiprep/sub-93278/ses-1/dwi/sub-93278_ses-1_acq-multiband_dir-AP_space-ACPC_desc-preproc_dwi.nii.gz	0.0	0.1970004764697056	0.0914922738715997	0.1755603158620029	0.1970004764697056	0.1755603158620029	0.0914922738715997	0.2091801728624359	0.2091801482264734	sub-93278	ses-1		dir-AP	acq-multiband	space-ACPC			DSIStudio	autotrackgqi
ProjectionBrainstem_CorticobulbarTractR	li	TORTOISE_model-tensor	/scratch/grmpy/SLURM_11261380_12/job-11261380-12-sub-93278/ds/inputs/data/qsiprep/qsiprep/sub-93278/ses-1/dwi/sub-93278_ses-1_acq-multiband_dir-AP_space-ACPC_desc-preproc_dwi.nii.gz	0.0	0.0883766338229179	0.0536723621189594	0.0805155411362648	0.0883766338229179	0.0805155411362648	0.0536723621189594	0.0975897759199142	0.097589761018753	sub-93278	ses-1		dir-AP	acq-multiband	space-ACPC			DSIStudio	autotrackgqi
ProjectionBrainstem_CorticobulbarTractR	rd	TORTOISE_model-tensor	/scratch/grmpy/SLURM_11261380_12/job-11261380-12-sub-93278/ds/inputs/data/qsiprep/qsiprep/sub-93278/ses-1/dwi/sub-93278_ses-1_acq-multiband_dir-AP_space-ACPC_desc-preproc_dwi.nii.gz	0.0	686.2333107453525	325.4993972189972	527.1056000017704	686.2333107453525	527.1056000017704	325.4993972189972	646.0782672843108	646.0781920359677	sub-93278	ses-1		dir-AP	acq-multiband	space-ACPC			DSIStudio	autotrackgqi
ProjectionBasalGanglia_AcousticRadiationR	ad	TORTOISE_model-tensor	/scratch/grmpy/SLURM_11261380_12/job-11261380-12-sub-93278/ds/inputs/data/qsiprep/qsiprep/sub-93278/ses-1/dwi/sub-93278_ses-1_acq-multiband_dir-AP_space-ACPC_desc-preproc_dwi.nii.gz	0.0	716.5102468022584	93.3463213025331	695.6299613800427	716.5102468022584	695.6299613800427	93.3463213025331	725.0263097162986	725.0263097162986	sub-93278	ses-1		dir-AP	acq-multiband	space-ACPC			DSIStudio	autotrackgqi
ProjectionBasalGanglia_AcousticRadiationR	am	TORTOISE_model-tensor	/scratch/grmpy/SLURM_11261380_12/job-11261380-12-sub-93278/ds/inputs/data/qsiprep/qsiprep/sub-93278/ses-1/dwi/sub-93278_ses-1_acq-multiband_dir-AP_space-ACPC_desc-preproc_dwi.nii.gz	0.0	45309.04296875	21523.259765625	38467.328125	45309.04296875	38467.328125	21523.259765625	47235.86328125	47235.86328125	sub-93278	ses-1		dir-AP	acq-multiband	space-ACPC			DSIStudio	autotrackgqi
ProjectionBasalGanglia_AcousticRadiationR	fa	TORTOISE_model-tensor	/scratch/grmpy/SLURM_11261380_12/job-11261380-12-sub-93278/ds/inputs/data/qsiprep/qsiprep/sub-93278/ses-1/dwi/sub-93278_ses-1_acq-multiband_dir-AP_space-ACPC_desc-preproc_dwi.nii.gz	0.0	0.2269643682751939	0.0916822810024563	0.2095872162623364	0.2269643682751939	0.2095872162623364	0.0916822810024563	0.232580991234463	0.232580991234463	sub-93278	ses-1		dir-AP	acq-multiband	space-ACPC			DSIStudio	autotrackgqi
ProjectionBasalGanglia_AcousticRadiationR	li	TORTOISE_model-tensor	/scratch/grmpy/SLURM_11261380_12/job-11261380-12-sub-93278/ds/inputs/data/qsiprep/qsiprep/sub-93278/ses-1/dwi/sub-93278_ses-1_acq-multiband_dir-AP_space-ACPC_desc-preproc_dwi.nii.gz	0.0	0.0967116728425026	0.0329851768910884	0.0922242105007171	0.0967116728425026	0.0922242105007171	0.0329851768910884	0.1018673554062843	0.1018673554062843	sub-93278	ses-1		dir-AP	acq-multiband	space-ACPC			DSIStudio	autotrackgqi
ProjectionBasalGanglia_AcousticRadiationR	rd	TORTOISE_model-tensor	/scratch/grmpy/SLURM_11261380_12/job-11261380-12-sub-93278/ds/inputs/data/qsiprep/qsiprep/sub-93278/ses-1/dwi/sub-93278_ses-1_acq-multiband_dir-AP_space-ACPC_desc-preproc_dwi.nii.gz	0.0	506.5106830694695	85.03129270345894	490.612878959322	506.5106830694695	490.612878959322	85.03129270345894	509.25965850585897	509.25965850585897	sub-93278	ses-1		dir-AP	acq-multiband	space-ACPC			DSIStudio	autotrackgqi
ProjectionBrainstem_NonDecussatingDentatorubrothalamicTractR	ad	TORTOISE_model-tensor	/scratch/grmpy/SLURM_11261380_12/job-11261380-12-sub-93278/ds/inputs/data/qsiprep/qsiprep/sub-93278/ses-1/dwi/sub-93278_ses-1_acq-multiband_dir-AP_space-ACPC_desc-preproc_dwi.nii.gz	0.0088495575221238	1121.673524492172	474.5928805841446	924.1406200852456	1131.6884666751378	925.6875131278856	464.6672625671821	1116.1749620221108	1116.9568274906214	sub-93278	ses-1		dir-AP	acq-multiband	space-ACPC			DSIStudio	autotrackgqi
ProjectionBrainstem_NonDecussatingDentatorubrothalamicTractR	am	TORTOISE_model-tensor	/scratch/grmpy/SLURM_11261380_12/job-11261380-12-sub-93278/ds/inputs/data/qsiprep/qsiprep/sub-93278/ses-1/dwi/sub-93278_ses-1_acq-multiband_dir-AP_space-ACPC_desc-preproc_dwi.nii.gz	0.0	47032.890625	32256.095703125	34634.3828125	47032.890625	34634.3828125	32256.095703125	46546.640625	46546.640625	sub-93278	ses-1		dir-AP	acq-multiband	space-ACPC			DSIStudio	autotrackgqi
ProjectionBrainstem_NonDecussatingDentatorubrothalamicTractR	fa	TORTOISE_model-tensor	/scratch/grmpy/SLURM_11261380_12/job-11261380-12-sub-93278/ds/inputs/data/qsiprep/qsiprep/sub-93278/ses-1/dwi/sub-93278_ses-1_acq-multiband_dir-AP_space-ACPC_desc-preproc_dwi.nii.gz	0.0088495575221238	0.1600912014180484	0.0774412397918056	0.1497146817956094	0.1615205871449952	0.15089711716238	0.0762877207790278	0.1795688868487922	0.1796946727091399	sub-93278	ses-1		dir-AP	acq-multiband	space-ACPC			DSIStudio	autotrackgqi
ProjectionBrainstem_NonDecussatingDentatorubrothalamicTractR	li	TORTOISE_model-tensor	/scratch/grmpy/SLURM_11261380_12/job-11261380-12-sub-93278/ds/inputs/data/qsiprep/qsiprep/sub-93278/ses-1/dwi/sub-93278_ses-1_acq-multiband_dir-AP_space-ACPC_desc-preproc_dwi.nii.gz	0.0132743362831858	0.0654880926012992	0.0414639227092266	0.0607997775077819	0.0663690939545631	0.0611378364264965	0.0410355292260646	0.073576271533966	0.0736794173717498	sub-93278	ses-1		dir-AP	acq-multiband	space-ACPC			DSIStudio	autotrackgqi
ProjectionBrainstem_NonDecussatingDentatorubrothalamicTractR	rd	TORTOISE_model-tensor	/scratch/grmpy/SLURM_11261380_12/job-11261380-12-sub-93278/ds/inputs/data/qsiprep/qsiprep/sub-93278/ses-1/dwi/sub-93278_ses-1_acq-multiband_dir-AP_space-ACPC_desc-preproc_dwi.nii.gz	0.0088495575221238	907.6382306241436	448.0365469005131	697.1323382999265	915.7421433975734	714.400173761348	441.7102503821004	871.484178321735	872.0946414233408	sub-93278	ses-1		dir-AP	acq-multiband	space-ACPC			DSIStudio	autotrackgqi
Commissure_CorpusCallosum	ad	TORTOISE_model-tensor	/scratch/grmpy/SLURM_11261380_12/job-11261380-12-sub-93278/ds/inputs/data/qsiprep/qsiprep/sub-93278/ses-1/dwi/sub-93278_ses-1_acq-multiband_dir-AP_space-ACPC_desc-preproc_dwi.nii.gz	0.0	847.0258592549128	239.45765056613504	770.0002472626893	847.0258592549128	770.0002472626893	239.45765056613504	861.822483803152	861.822483803152	sub-93278	ses-1		dir-AP	acq-multiband	space-ACPC			DSIStudio	autotrackgqi
Commissure_CorpusCallosum	am	TORTOISE_model-tensor	/scratch/grmpy/SLURM_11261380_12/job-11261380-12-sub-93278/ds/inputs/data/qsiprep/qsiprep/sub-93278/ses-1/dwi/sub-93278_ses-1_acq-multiband_dir-AP_space-ACPC_desc-preproc_dwi.nii.gz	0.0	28738.2265625	19075.728515625	23975.06640625	28738.2265625	23975.06640625	19075.728515625	32757.521484375	32757.521484375	sub-93278	ses-1		dir-AP	acq-multiband	space-ACPC			DSIStudio	autotrackgqi
Commissure_CorpusCallosum	fa	TORTOISE_model-tensor	/scratch/grmpy/SLURM_11261380_12/job-11261380-12-sub-93278/ds/inputs/data/qsiprep/qsiprep/sub-93278/ses-1/dwi/sub-93278_ses-1_acq-multiband_dir-AP_space-ACPC_desc-preproc_dwi.nii.gz	0.0	0.2759956393118938	0.1529126332692836	0.2226612353999106	0.2759956393118938	0.2226612353999106	0.1529126332692836	0.2452799914647557	0.2452799914647557	sub-93278	ses-1		dir-AP	acq-multiband	space-ACPC			DSIStudio	autotrackgqi
Commissure_CorpusCallosum	li	TORTOISE_model-tensor	/scratch/grmpy/SLURM_11261380_12/job-11261380-12-sub-93278/ds/inputs/data/qsiprep/qsiprep/sub-93278/ses-1/dwi/sub-93278_ses-1_acq-multiband_dir-AP_space-ACPC_desc-preproc_dwi.nii.gz	0.0	0.1488073915243148	0.1078154146671295	0.1103299856185913	0.1488073915243148	0.1103299856185913	0.1078154146671295	0.1280769109725952	0.1280769109725952	sub-93278	ses-1		dir-AP	acq-multiband	space-ACPC			DSIStudio	autotrackgqi
Commissure_CorpusCallosum	rd	TORTOISE_model-tensor	/scratch/grmpy/SLURM_11261380_12/job-11261380-12-sub-93278/ds/inputs/data/qsiprep/qsiprep/sub-93278/ses-1/dwi/sub-93278_ses-1_acq-multiband_dir-AP_space-ACPC_desc-preproc_dwi.nii.gz	0.0	556.8870735138433	220.18491805341827	509.59767936883054	556.8870735138433	509.59767936883054	220.18491805341827	592.1399608646233	592.1399608646233	sub-93278	ses-1		dir-AP	acq-multiband	space-ACPC			DSIStudio	autotrackgqi
Cerebellum_CerebellumR	ad	TORTOISE_model-tensor	/scratch/grmpy/SLURM_11261380_12/job-11261380-12-sub-93278/ds/inputs/data/qsiprep/qsiprep/sub-93278/ses-1/dwi/sub-93278_ses-1_acq-multiband_dir-AP_space-ACPC_desc-preproc_dwi.nii.gz	0.0599250936329588	1013.4163303021058	544.9159413894386	932.1530615001892	1078.0165744647898	975.0833762854984	496.2068859702882	1254.4913174859632	1266.6366554982465	sub-93278	ses-1		dir-AP	acq-multiband	space-ACPC			DSIStudio	autotrackgqi
Cerebellum_CerebellumR	am	TORTOISE_model-tensor	/scratch/grmpy/SLURM_11261380_12/job-11261380-12-sub-93278/ds/inputs/data/qsiprep/qsiprep/sub-93278/ses-1/dwi/sub-93278_ses-1_acq-multiband_dir-AP_space-ACPC_desc-preproc_dwi.nii.gz	0.0449438202247191	40177.34765625	32127.01953125	34662.34765625	42068.046875	36137.296875	31641.412109375	61762.140625	62203.78515625	sub-93278	ses-1		dir-AP	acq-multiband	space-ACPC			DSIStudio	autotrackgqi
Cerebellum_CerebellumR	fa	TORTOISE_model-tensor	/scratch/grmpy/SLURM_11261380_12/job-11261380-12-sub-93278/ds/inputs/data/qsiprep/qsiprep/sub-93278/ses-1/dwi/sub-93278_ses-1_acq-multiband_dir-AP_space-ACPC_desc-preproc_dwi.nii.gz	0.0617977528089887	0.1526286999724743	0.1110152084183263	0.1306453766266765	0.162682087395811	0.1375827048627441	0.1072411102478484	0.1399603454932913	0.1419553260280855	sub-93278	ses-1		dir-AP	acq-multiband	space-ACPC			DSIStudio	autotrackgqi
Cerebellum_CerebellumR	li	TORTOISE_model-tensor	/scratch/grmpy/SLURM_11261380_12/job-11261380-12-sub-93278/ds/inputs/data/qsiprep/qsiprep/sub-93278/ses-1/dwi/sub-93278_ses-1_acq-multiband_dir-AP_space-ACPC_desc-preproc_dwi.nii.gz	0.0711610486891385	0.0541899874806404	0.0443527474999427	0.0432849749922752	0.0583416409790515	0.0472156256437301	0.0433089137077331	0.0448201298713684	0.0456147640943527	sub-93278	ses-1		dir-AP	acq-multiband	space-ACPC			DSIStudio	autotrackgqi
Cerebellum_CerebellumR	rd	TORTOISE_model-tensor	/scratch/grmpy/SLURM_11261380_12/job-11261380-12-sub-93278/ds/inputs/data/qsiprep/qsiprep/sub-93278/ses-1/dwi/sub-93278_ses-1_acq-multiband_dir-AP_space-ACPC_desc-preproc_dwi.nii.gz	0.0599250936329588	829.9054424577057	487.3346041811304	753.071178584287	882.807781419153	795.8021479484271	453.7968097016528	1054.035441277986	1064.240069018197	sub-93278	ses-1		dir-AP	acq-multiband	space-ACPC			DSIStudio	autotrackgqi
Cerebellum_InferiorCerebellarPeduncleR	ad	TORTOISE_model-tensor	/scratch/grmpy/SLURM_11261380_12/job-11261380-12-sub-93278/ds/inputs/data/qsiprep/qsiprep/sub-93278/ses-1/dwi/sub-93278_ses-1_acq-multiband_dir-AP_space-ACPC_desc-preproc_dwi.nii.gz	0.0	1342.0125501330638	366.4753567149454	1378.0169713537937	1342.0125501330638	1378.0169713537937	366.4753567149454	1294.1016335988754	1294.1016335988754	sub-93278	ses-1		dir-AP	acq-multiband	space-ACPC			DSIStudio	autotrackgqi
Cerebellum_InferiorCerebellarPeduncleR	am	TORTOISE_model-tensor	/scratch/grmpy/SLURM_11261380_12/job-11261380-12-sub-93278/ds/inputs/data/qsiprep/qsiprep/sub-93278/ses-1/dwi/sub-93278_ses-1_acq-multiband_dir-AP_space-ACPC_desc-preproc_dwi.nii.gz	0.0	61413.37890625	27893.337890625	53081.9453125	61413.37890625	53081.9453125	27893.337890625	55793.5625	55793.5625	sub-93278	ses-1		dir-AP	acq-multiband	space-ACPC			DSIStudio	autotrackgqi
Cerebellum_InferiorCerebellarPeduncleR	fa	TORTOISE_model-tensor	/scratch/grmpy/SLURM_11261380_12/job-11261380-12-sub-93278/ds/inputs/data/qsiprep/qsiprep/sub-93278/ses-1/dwi/sub-93278_ses-1_acq-multiband_dir-AP_space-ACPC_desc-preproc_dwi.nii.gz	0.0	0.1281881896223314	0.0593534801693324	0.1094582448155566	0.1281881896223314	0.1094582448155566	0.0593534801693324	0.1359416917718694	0.1359416917718694	sub-93278	ses-1		dir-AP	acq-multiband	space-ACPC			DSIStudio	autotrackgqi
Cerebellum_InferiorCerebellarPeduncleR	li	TORTOISE_model-tensor	/scratch/grmpy/SLURM_11261380_12/job-11261380-12-sub-93278/ds/inputs/data/qsiprep/qsiprep/sub-93278/ses-1/dwi/sub-93278_ses-1_acq-multiband_dir-AP_space-ACPC_desc-preproc_dwi.nii.gz	0.0	0.0528782568871974	0.0376434922218322	0.0381920896470546	0.0528782568871974	0.0381920896470546	0.0376434922218322	0.060346283018589	0.060346283018589	sub-93278	ses-1		dir-AP	acq-multiband	space-ACPC			DSIStudio	autotrackgqi
Cerebellum_InferiorCerebellarPeduncleR	rd	TORTOISE_model-tensor	/scratch/grmpy/SLURM_11261380_12/job-11261380-12-sub-93278/ds/inputs/data/qsiprep/qsiprep/sub-93278/ses-1/dwi/sub-93278_ses-1_acq-multiband_dir-AP_space-ACPC_desc-preproc_dwi.nii.gz	0.0	1123.6430274680913	365.378500160101	1061.4574403619972	1123.6430274680913	1061.4574403619972	365.378500160101	1071.310637205528	1071.310637205528	sub-93278	ses-1		dir-AP	acq-multiband	space-ACPC			DSIStudio	autotrackgqi
Cerebellum_SuperiorCerebellarPeduncle	ad	TORTOISE_model-tensor	/scratch/grmpy/SLURM_11261380_12/job-11261380-12-sub-93278/ds/inputs/data/qsiprep/qsiprep/sub-93278/ses-1/dwi/sub-93278_ses-1_acq-multiband_dir-AP_space-ACPC_desc-preproc_dwi.nii.gz	0.0	1089.0018728650728	427.4127785255328	941.1791085917324	1089.0018728650728	941.1791085917324	427.4127785255328	1101.574413055264	1101.574413055264	sub-93278	ses-1		dir-AP	acq-multiband	space-ACPC			DSIStudio	autotrackgqi
Cerebellum_SuperiorCerebellarPeduncle	am	TORTOISE_model-tensor	/scratch/grmpy/SLURM_11261380_12/job-11261380-12-sub-93278/ds/inputs/data/qsiprep/qsiprep/sub-93278/ses-1/dwi/sub-93278_ses-1_acq-multiband_dir-AP_space-ACPC_desc-preproc_dwi.nii.gz	0.0	45141.46484375	23761.326171875	37425.484375	45141.46484375	37425.484375	23761.326171875	44133.1875	44133.1875	sub-93278	ses-1		dir-AP	acq-multiband	space-ACPC			DSIStudio	autotrackgqi
Cerebellum_SuperiorCerebellarPeduncle	fa	TORTOISE_model-tensor	/scratch/grmpy/SLURM_11261380_12/job-11261380-12-sub-93278/ds/inputs/data/qsiprep/qsiprep/sub-93278/ses-1/dwi/sub-93278_ses-1_acq-multiband_dir-AP_space-ACPC_desc-preproc_dwi.nii.gz	0.0	0.1761897199643508	0.083406133743422	0.1630870348979142	0.1761897199643508	0.1630870348979142	0.083406133743422	0.1733209900363117	0.1733209900363117	sub-93278	ses-1		dir-AP	acq-multiband	space-ACPC			DSIStudio	autotrackgqi
Cerebellum_SuperiorCerebellarPeduncle	li	TORTOISE_model-tensor	/scratch/grmpy/SLURM_11261380_12/job-11261380-12-sub-93278/ds/inputs/data/qsiprep/qsiprep/sub-93278/ses-1/dwi/sub-93278_ses-1_acq-multiband_dir-AP_space-ACPC_desc-preproc_dwi.nii.gz	0.0	0.079674057662487	0.0450938642024993	0.0751693472266197	0.079674057662487	0.0751693472266197	0.0450938642024993	0.0783034712076187	0.0783034712076187	sub-93278	ses-1		dir-AP	acq-multiband	space-ACPC			DSIStudio	autotrackgqi
Cerebellum_SuperiorCerebellarPeduncle	rd	TORTOISE_model-tensor	/scratch/grmpy/SLURM_11261380_12/job-11261380-12-sub-93278/ds/inputs/data/qsiprep/qsiprep/sub-93278/ses-1/dwi/sub-93278_ses-1_acq-multiband_dir-AP_space-ACPC_desc-preproc_dwi.nii.gz	0.0	849.5073324153715	394.9691213689324	682.7936391863084	849.5073324153715	682.7936391863084	394.9691213689324	858.1231127057855	858.1231127057855	sub-93278	ses-1		dir-AP	acq-multiband	space-ACPC			DSIStudio	autotrackgqi
Cerebellum_Vermis	ad	TORTOISE_model-tensor	/scratch/grmpy/SLURM_11261380_12/job-11261380-12-sub-93278/ds/inputs/data/qsiprep/qsiprep/sub-93278/ses-1/dwi/sub-93278_ses-1_acq-multiband_dir-AP_space-ACPC_desc-preproc_dwi.nii.gz	0.0668647845468053	1466.2860352676043	627.4775641595844	1570.8631447331404	1571.3543021259518	1615.1349277631416	506.79544266989205	1594.487413103666	1627.15421201125	sub-93278	ses-1		dir-AP	acq-multiband	space-ACPC			DSIStudio	autotrackgqi
Cerebellum_Vermis	am	TORTOISE_model-tensor	/scratch/grmpy/SLURM_11261380_12/job-11261380-12-sub-93278/ds/inputs/data/qsiprep/qsiprep/sub-93278/ses-1/dwi/sub-93278_ses-1_acq-multiband_dir-AP_space-ACPC_desc-preproc_dwi.nii.gz	0.0371471025260029	58896.28515625	35675.02734375	57517.81640625	61168.51953125	59983.81640625	34392.1484375	77320.3359375	78337.7578125	sub-93278	ses-1		dir-AP	acq-multiband	space-ACPC			DSIStudio	autotrackgqi
Cerebellum_Vermis	fa	TORTOISE_model-tensor	/scratch/grmpy/SLURM_11261380_12/job-11261380-12-sub-93278/ds/inputs/data/qsiprep/qsiprep/sub-93278/ses-1/dwi/sub-93278_ses-1_acq-multiband_dir-AP_space-ACPC_desc-preproc_dwi.nii.gz	0.0683506686478454	0.1154186099721222	0.0775799249139851	0.1023492167966904	0.123886322984431	0.1072510820224979	0.0735606564979377	0.1017418261773918	0.1038565049988201	sub-93278	ses-1		dir-AP	acq-multiband	space-ACPC			DSIStudio	autotrackgqi
Cerebellum_Vermis	li	TORTOISE_model-tensor	/scratch/grmpy/SLURM_11261380_12/job-11261380-12-sub-93278/ds/inputs/data/qsiprep/qsiprep/sub-93278/ses-1/dwi/sub-93278_ses-1_acq-multiband_dir-AP_space-ACPC_desc-preproc_dwi.nii.gz	0.0817236255572065	0.0427411198616027	0.0388055369257926	0.0309370812028646	0.0465449392795562	0.0340391658246517	0.0382470749318599	0.033149778842926	0.0339194983243942	sub-93278	ses-1		dir-AP	acq-multiband	space-ACPC			DSIStudio	autotrackgqi
Cerebellum_Vermis	rd	TORTOISE_model-tensor	/scratch/grmpy/SLURM_11261380_12/job-11261380-12-sub-93278/ds/inputs/data/qsiprep/qsiprep/sub-93278/ses-1/dwi/sub-93278_ses-1_acq-multiband_dir-AP_space-ACPC_desc-preproc_dwi.nii.gz	0.0668647845468053	1238.5344670166892	566.2441867381933	1344.223667147816	1327.2829558952735	1384.9173294565685	475.1982529629466	1376.755295495102	1404.9613432163674	sub-93278	ses-1		dir-AP	acq-multiband	space-ACPC			DSIStudio	autotrackgqi
Cerebellum_MiddleCerebellarPeduncle	ad	TORTOISE_model-tensor	/scratch/grmpy/SLURM_11261380_12/job-11261380-12-sub-93278/ds/inputs/data/qsiprep/qsiprep/sub-93278/ses-1/dwi/sub-93278_ses-1_acq-multiband_dir-AP_space-ACPC_desc-preproc_dwi.nii.gz	0.015432098765432	1399.5512440411972	574.1070868451686	1414.0694445406705	1421.4877839164512	1438.2933550081157	550.983258738685	1357.8166092807658	1362.10405573836	sub-93278	ses-1		dir-AP	acq-multiband	space-ACPC			DSIStudio	autotrackgqi
Cerebellum_MiddleCerebellarPeduncle	am	TORTOISE_model-tensor	/scratch/grmpy/SLURM_11261380_12/job-11261380-12-sub-93278/ds/inputs/data/qsiprep/qsiprep/sub-93278/ses-1/dwi/sub-93278_ses-1_acq-multiband_dir-AP_space-ACPC_desc-preproc_dwi.nii.gz	0.015432098765432	60909.33203125	29779.29296875	54409.6796875	61864.0234375	55154.1640625	29011.1171875	57508.20703125	57689.796875	sub-93278	ses-1		dir-AP	acq-multiband	space-ACPC			DSIStudio	autotrackgqi
Cerebellum_MiddleCerebellarPeduncle	fa	TORTOISE_model-tensor	/scratch/grmpy/SLURM_11261380_12/job-11261380-12-sub-93278/ds/inputs/data/qsiprep/qsiprep/sub-93278/ses-1/dwi/sub-93278_ses-1_acq-multiband_dir-AP_space-ACPC_desc-preproc_dwi.nii.gz	0.015432098765432	0.1388112942161455	0.0737327715480328	0.1281875682146168	0.1409870198308186	0.1291543754517392	0.0722148493530143	0.1414860152734308	0.1419327721889534	sub-93278	ses-1		dir-AP	acq-multiband	space-ACPC			DSIStudio	autotrackgqi
Cerebellum_MiddleCerebellarPeduncle	li	TORTOISE_model-tensor	/scratch/grmpy/SLURM_11261380_12/job-11261380-12-sub-93278/ds/inputs/data/qsiprep/qsiprep/sub-93278/ses-1/dwi/sub-93278_ses-1_acq-multiband_dir-AP_space-ACPC_desc-preproc_dwi.nii.gz	0.015432098765432	0.0579726472496986	0.0416624918580055	0.0515379607677459	0.0588813126087188	0.0532973408699035	0.0413456931710243	0.0607876740396022	0.0609796158969402	sub-93278	ses-1		dir-AP	acq-multiband	space-ACPC			DSIStudio	autotrackgqi
Cerebellum_MiddleCerebellarPeduncle	rd	TORTOISE_model-tensor	/scratch/grmpy/SLURM_11261380_12/job-11261380-12-sub-93278/ds/inputs/data/qsiprep/qsiprep/sub-93278/ses-1/dwi/sub-93278_ses-1_acq-multiband_dir-AP_space-ACPC_desc-preproc_dwi.nii.gz	0.015432098765432	1154.5489134670115	530.9464237411801	1165.5699166326176	1172.6452914210402	1175.8642089766167	514.880599869188	1119.1102817792823	1122.6439880833077	sub-93278	ses-1		dir-AP	acq-multiband	space-ACPC			DSIStudio	autotrackgqi
CranialNerve_CNVIIR	ad	TORTOISE_model-tensor	/scratch/grmpy/SLURM_11261380_12/job-11261380-12-sub-93278/ds/inputs/data/qsiprep/qsiprep/sub-93278/ses-1/dwi/sub-93278_ses-1_acq-multiband_dir-AP_space-ACPC_desc-preproc_dwi.nii.gz	0.0188679245283018	1353.3188830878814	427.0512826278628	1387.2613633635667	1379.344246224187	1401.4530683990229	387.2751377100511	1418.2890369490906	1431.5752245123824	sub-93278	ses-1		dir-AP	acq-multiband	space-ACPC			DSIStudio	autotrackgqi
CranialNerve_CNVIIR	am	TORTOISE_model-tensor	/scratch/grmpy/SLURM_11261380_12/job-11261380-12-sub-93278/ds/inputs/data/qsiprep/qsiprep/sub-93278/ses-1/dwi/sub-93278_ses-1_acq-multiband_dir-AP_space-ACPC_desc-preproc_dwi.nii.gz	0.0	43696.453125	21874.181640625	40064.21875	43696.453125	40064.21875	21874.181640625	48112.88671875	48112.890625	sub-93278	ses-1		dir-AP	acq-multiband	space-ACPC			DSIStudio	autotrackgqi
CranialNerve_CNVIIR	fa	TORTOISE_model-tensor	/scratch/grmpy/SLURM_11261380_12/job-11261380-12-sub-93278/ds/inputs/data/qsiprep/qsiprep/sub-93278/ses-1/dwi/sub-93278_ses-1_acq-multiband_dir-AP_space-ACPC_desc-preproc_dwi.nii.gz	0.0188679245283018	0.2318060614065	0.1416971512225624	0.1726634683824731	0.2362638702797019	0.1753458260568254	0.139323294755611	0.2140198174186275	0.2160247032344086	sub-93278	ses-1		dir-AP	acq-multiband	space-ACPC			DSIStudio	autotrackgqi
CranialNerve_CNVIIR	li	TORTOISE_model-tensor	/scratch/grmpy/SLURM_11261380_12/job-11261380-12-sub-93278/ds/inputs/data/qsiprep/qsiprep/sub-93278/ses-1/dwi/sub-93278_ses-1_acq-multiband_dir-AP_space-ACPC_desc-preproc_dwi.nii.gz	0.0283018867924528	0.1112611219286918	0.0825357660651207	0.0772473216056823	0.1145017370581626	0.081384964287281	0.0814831852912902	0.1016401499509811	0.1030750721693039	sub-93278	ses-1		dir-AP	acq-multiband	space-ACPC			DSIStudio	autotrackgqi
CranialNerve_CNVIIR	rd	TORTOISE_model-tensor	/scratch/grmpy/SLURM_11261380_12/job-11261380-12-sub-93278/ds/inputs/data/qsiprep/qsiprep/sub-93278/ses-1/dwi/sub-93278_ses-1_acq-multiband_dir-AP_space-ACPC_desc-preproc_dwi.nii.gz	0.0188679245283018	957.920433466424	417.9511900497916	850.8268850508574	976.3419802638552	860.3975246397083	400.0709437579632	1035.3218789917316	1045.0205228349062	sub-93278	ses-1		dir-AP	acq-multiband	space-ACPC			DSIStudio	autotrackgqi
CranialNerve_CNVR	ad	TORTOISE_model-tensor	/scratch/grmpy/SLURM_11261380_12/job-11261380-12-sub-93278/ds/inputs/data/qsiprep/qsiprep/sub-93278/ses-1/dwi/sub-93278_ses-1_acq-multiband_dir-AP_space-ACPC_desc-preproc_dwi.nii.gz	0.0	1457.0088286286573	371.2606222068964	1502.795105244453	1457.0088286286573	1502.795105244453	371.2606222068964	1571.6941513638396	1571.6942908525753	sub-93278	ses-1		dir-AP	acq-multiband	space-ACPC			DSIStudio	autotrackgqi
CranialNerve_CNVR	am	TORTOISE_model-tensor	/scratch/grmpy/SLURM_11261380_12/job-11261380-12-sub-93278/ds/inputs/data/qsiprep/qsiprep/sub-93278/ses-1/dwi/sub-93278_ses-1_acq-multiband_dir-AP_space-ACPC_desc-preproc_dwi.nii.gz	0.0	59229.37109375	23843.654296875	53740.4296875	59229.37109375	53740.4296875	23843.654296875	64680.08984375	64680.09765625	sub-93278	ses-1		dir-AP	acq-multiband	space-ACPC			DSIStudio	autotrackgqi
CranialNerve_CNVR	fa	TORTOISE_model-tensor	/scratch/grmpy/SLURM_11261380_12/job-11261380-12-sub-93278/ds/inputs/data/qsiprep/qsiprep/sub-93278/ses-1/dwi/sub-93278_ses-1_acq-multiband_dir-AP_space-ACPC_desc-preproc_dwi.nii.gz	0.0	0.1340607072492485	0.0570080284893655	0.1241612076457478	0.1340607072492485	0.1241612076457478	0.0570080284893655	0.1291103345640307	0.1291103460544496	sub-93278	ses-1		dir-AP	acq-multiband	space-ACPC			DSIStudio	autotrackgqi
CranialNerve_CNVR	li	TORTOISE_model-tensor	/scratch/grmpy/SLURM_11261380_12/job-11261380-12-sub-93278/ds/inputs/data/qsiprep/qsiprep/sub-93278/ses-1/dwi/sub-93278_ses-1_acq-multiband_dir-AP_space-ACPC_desc-preproc_dwi.nii.gz	0.0	0.055753082036972	0.0337637886404991	0.047337993979454	0.055753082036972	0.047337993979454	0.0337637886404991	0.0512967556715011	0.0512967593967914	sub-93278	ses-1		dir-AP	acq-multiband	space-ACPC			DSIStudio	autotrackgqi
CranialNerve_CNVR	rd	TORTOISE_model-tensor	/scratch/grmpy/SLURM_11261380_12/job-11261380-12-sub-93278/ds/inputs/data/qsiprep/qsiprep/sub-93278/ses-1/dwi/sub-93278_ses-1_acq-multiband_dir-AP_space-ACPC_desc-preproc_dwi.nii.gz	0.0	1204.6977653504605	353.24827487734103	1280.254899970792	1204.6977653504605	1280.254899970792	353.24827487734103	1302.0099017566092	1302.0100173561982	sub-93278	ses-1		dir-AP	acq-multiband	space-ACPC			DSIStudio	autotrackgqi
CranialNerve_CNVIIIR	ad	TORTOISE_model-tensor	/scratch/grmpy/SLURM_11261380_12/job-11261380-12-sub-93278/ds/inputs/data/qsiprep/qsiprep/sub-93278/ses-1/dwi/sub-93278_ses-1_acq-multiband_dir-AP_space-ACPC_desc-preproc_dwi.nii.gz	0.0	1286.126008645715	419.5417223033412	1238.1935467015928	1286.126008645715	1238.1935467015928	419.5417223033412	1238.9705751687873	1238.9706928077085	sub-93278	ses-1		dir-AP	acq-multiband	space-ACPC			DSIStudio	autotrackgqi
CranialNerve_CNVIIIR	am	TORTOISE_model-tensor	/scratch/grmpy/SLURM_11261380_12/job-11261380-12-sub-93278/ds/inputs/data/qsiprep/qsiprep/sub-93278/ses-1/dwi/sub-93278_ses-1_acq-multiband_dir-AP_space-ACPC_desc-preproc_dwi.nii.gz	0.0	49837.234375	19634.912109375	43349.74609375	49837.234375	43349.74609375	19634.912109375	51907.6015625	51907.609375	sub-93278	ses-1		dir-AP	acq-multiband	space-ACPC			DSIStudio	autotrackgqi
CranialNerve_CNVIIIR	fa	TORTOISE_model-tensor	/scratch/grmpy/SLURM_11261380_12/job-11261380-12-sub-93278/ds/inputs/data/qsiprep/qsiprep/sub-93278/ses-1/dwi/sub-93278_ses-1_acq-multiband_dir-AP_space-ACPC_desc-preproc_dwi.nii.gz	0.0	0.140951695050803	0.0395346492541673	0.1490114621991242	0.140951695050803	0.1490114621991242	0.0395346492541673	0.1414622280937796	0.141462241576761	sub-93278	ses-1		dir-AP	acq-multiband	space-ACPC			DSIStudio	autotrackgqi
CranialNerve_CNVIIIR	li	TORTOISE_model-tensor	/scratch/grmpy/SLURM_11261380_12/job-11261380-12-sub-93278/ds/inputs/data/qsiprep/qsiprep/sub-93278/ses-1/dwi/sub-93278_ses-1_acq-multiband_dir-AP_space-ACPC_desc-preproc_dwi.nii.gz	0.0	0.0534259751439094	0.0238071773201227	0.0555626526474952	0.0534259751439094	0.0555626526474952	0.0238071773201227	0.0556725971400737	0.0556726120412349	sub-93278	ses-1		dir-AP	acq-multiband	space-ACPC			DSIStudio	autotrackgqi
CranialNerve_CNVIIIR	rd	TORTOISE_model-tensor	/scratch/grmpy/SLURM_11261380_12/job-11261380-12-sub-93278/ds/inputs/data/qsiprep/qsiprep/sub-93278/ses-1/dwi/sub-93278_ses-1_acq-multiband_dir-AP_space-ACPC_desc-preproc_dwi.nii.gz	0.0	1057.74394391933	386.300722726326	980.667295252719	1057.74394391933	980.667295252719	386.300722726326	1020.4867589289546	1020.486855576385	sub-93278	ses-1		dir-AP	acq-multiband	space-ACPC			DSIStudio	autotrackgqi
